{"nodes":[{"id":"Bin.9.46","idnb":1,"hmdb":null,"label":"Bin.9.46","evidence":"NA","genename":null,"x":-0.552315510392703,"y":0.450468017201231,"size":4.24400981140158,"type":"diamond","colorb":"#98F5FF","colorw":"#306EFF","attributes":{"expr":"NA","expcolb":"NA","expcolw":"NA","degree":4,"between":106.014682539683}},{"id":"Bin.9.66","idnb":2,"hmdb":null,"label":"Bin.9.66","evidence":"NA","genename":null,"x":0.0508285249302187,"y":1.97343631790101,"size":3.7812711678438,"type":"diamond","colorb":"#98F5FF","colorw":"#306EFF","attributes":{"expr":"NA","expcolb":"NA","expcolw":"NA","degree":3,"between":102.790476190476}},{"id":"Bin.9.70","idnb":3,"hmdb":null,"label":"Bin.9.70","evidence":"NA","genename":null,"x":0.50428212313378,"y":1.42425081862365,"size":3,"type":"diamond","colorb":"#98F5FF","colorw":"#306EFF","attributes":{"expr":"NA","expcolb":"NA","expcolw":"NA","degree":1,"between":0}},{"id":"Bin.9.42","idnb":4,"hmdb":null,"label":"Bin.9.42","evidence":"NA","genename":null,"x":-1.20406295637948,"y":0.566642017072506,"size":6.12508467137521,"type":"diamond","colorb":"#98F5FF","colorw":"#306EFF","attributes":{"expr":"NA","expcolb":"NA","expcolw":"NA","degree":9,"between":517.323809523809}},{"id":"Bin.9.38","idnb":5,"hmdb":null,"label":"Bin.9.38","evidence":"NA","genename":null,"x":-2.80483480896024,"y":2.18364405657013,"size":7.25863561496614,"type":"diamond","colorb":"#98F5FF","colorw":"#306EFF","attributes":{"expr":"NA","expcolb":"NA","expcolw":"NA","degree":13,"between":440.219047619048}},{"id":"Bin.9.58","idnb":6,"hmdb":null,"label":"Bin.9.58","evidence":"NA","genename":null,"x":-1.86819571994524,"y":-0.020458173606002,"size":4.24400981140158,"type":"diamond","colorb":"#98F5FF","colorw":"#306EFF","attributes":{"expr":"NA","expcolb":"NA","expcolw":"NA","degree":4,"between":172.456096681097}},{"id":"Bin.9.54","idnb":7,"hmdb":null,"label":"Bin.9.54","evidence":"NA","genename":null,"x":-4.59093022571623,"y":0.0748453528583571,"size":3.7812711678438,"type":"diamond","colorb":"#98F5FF","colorw":"#306EFF","attributes":{"expr":"NA","expcolb":"NA","expcolw":"NA","degree":3,"between":24.0015873015873}},{"id":"Bin.9.50","idnb":8,"hmdb":null,"label":"Bin.9.50","evidence":"NA","genename":null,"x":-2.73924364667993,"y":-1.29361422665692,"size":4.24400981140158,"type":"diamond","colorb":"#98F5FF","colorw":"#306EFF","attributes":{"expr":"NA","expcolb":"NA","expcolw":"NA","degree":4,"between":152.403174603175}},{"id":"Bin.9.62","idnb":9,"hmdb":null,"label":"Bin.9.62","evidence":"NA","genename":null,"x":-1.22335662540136,"y":2.92924374022918,"size":3.31100245285039,"type":"diamond","colorb":"#98F5FF","colorw":"#306EFF","attributes":{"expr":"NA","expcolb":"NA","expcolw":"NA","degree":2,"between":1.61666666666667}},{"id":"Bin.9.34","idnb":10,"hmdb":null,"label":"Bin.9.34","evidence":"NA","genename":null,"x":4.70976321073023,"y":2.02863128232703,"size":3,"type":"diamond","colorb":"#98F5FF","colorw":"#306EFF","attributes":{"expr":"NA","expcolb":"NA","expcolw":"NA","degree":1,"between":0}},{"id":"Bin.8.74","idnb":11,"hmdb":null,"label":"Bin.8.74","evidence":"NA","genename":null,"x":-0.34914996914955,"y":-2.01159985928425,"size":9,"type":"diamond","colorb":"#98F5FF","colorw":"#306EFF","attributes":{"expr":"NA","expcolb":"NA","expcolw":"NA","degree":21,"between":899.281018981019}},{"id":"Bin.8.90","idnb":12,"hmdb":null,"label":"Bin.8.90","evidence":"NA","genename":null,"x":1.71891077078823,"y":-1.49218437151692,"size":4.67672309837944,"type":"diamond","colorb":"#98F5FF","colorw":"#306EFF","attributes":{"expr":"NA","expcolb":"NA","expcolw":"NA","degree":5,"between":97.0410866910867}},{"id":"Bin.8.78","idnb":13,"hmdb":null,"label":"Bin.8.78","evidence":"NA","genename":null,"x":0.267695906741376,"y":0.407799551515464,"size":6.72197383046957,"type":"diamond","colorb":"#98F5FF","colorw":"#306EFF","attributes":{"expr":"NA","expcolb":"NA","expcolw":"NA","degree":11,"between":771.362731712732}},{"id":"Bin.6.58","idnb":14,"hmdb":null,"label":"Bin.6.58","evidence":"NA","genename":null,"x":2.42612424830588,"y":2.59205898397533,"size":3,"type":"diamond","colorb":"#98F5FF","colorw":"#306EFF","attributes":{"expr":"NA","expcolb":"NA","expcolw":"NA","degree":1,"between":0}},{"id":"Bin.6.54","idnb":15,"hmdb":null,"label":"Bin.6.54","evidence":"NA","genename":null,"x":3.43921549559161,"y":1.47864791118105,"size":3.31100245285039,"type":"diamond","colorb":"#98F5FF","colorw":"#306EFF","attributes":{"expr":"NA","expcolb":"NA","expcolw":"NA","degree":2,"between":67}},{"id":"Bin.6.38","idnb":16,"hmdb":null,"label":"Bin.6.38","evidence":"NA","genename":null,"x":2.89507660774426,"y":2.10101227994207,"size":3,"type":"diamond","colorb":"#98F5FF","colorw":"#306EFF","attributes":{"expr":"NA","expcolb":"NA","expcolw":"NA","degree":1,"between":0}},{"id":"Bin.4.38","idnb":17,"hmdb":null,"label":"Bin.4.38","evidence":"NA","genename":null,"x":3.4488580299722,"y":0.626347430165957,"size":3,"type":"diamond","colorb":"#98F5FF","colorw":"#306EFF","attributes":{"expr":"NA","expcolb":"NA","expcolw":"NA","degree":1,"between":0}},{"id":"Bin.9.74","idnb":18,"hmdb":null,"label":"Bin.9.74","evidence":"NA","genename":null,"x":1.4425217425624,"y":3.13118214674134,"size":3.31100245285039,"type":"diamond","colorb":"#98F5FF","colorw":"#306EFF","attributes":{"expr":"NA","expcolb":"NA","expcolw":"NA","degree":2,"between":18.3333333333333}},{"id":"Bin.9.82","idnb":19,"hmdb":null,"label":"Bin.9.82","evidence":"NA","genename":null,"x":1.09842403671081,"y":3.50750328797141,"size":3,"type":"diamond","colorb":"#98F5FF","colorw":"#306EFF","attributes":{"expr":"NA","expcolb":"NA","expcolw":"NA","degree":1,"between":0}},{"id":"Bin.8.86","idnb":20,"hmdb":null,"label":"Bin.8.86","evidence":"NA","genename":null,"x":0.937893760718172,"y":-0.680917463315776,"size":4.67672309837944,"type":"diamond","colorb":"#98F5FF","colorw":"#306EFF","attributes":{"expr":"NA","expcolb":"NA","expcolw":"NA","degree":5,"between":114.285647685648}},{"id":"Bin.8.82","idnb":21,"hmdb":null,"label":"Bin.8.82","evidence":"NA","genename":null,"x":1.03817869392823,"y":0.2578056748246,"size":5.07812807149455,"type":"diamond","colorb":"#98F5FF","colorw":"#306EFF","attributes":{"expr":"NA","expcolb":"NA","expcolw":"NA","degree":6,"between":174.05086025086}},{"id":"Bin.8.94","idnb":22,"hmdb":null,"label":"Bin.8.94","evidence":"NA","genename":null,"x":2.35913286099628,"y":-1.93656317598598,"size":3.31100245285039,"type":"diamond","colorb":"#98F5FF","colorw":"#306EFF","attributes":{"expr":"NA","expcolb":"NA","expcolw":"NA","degree":2,"between":4.81978021978022}},{"id":"Bin.9.14","idnb":23,"hmdb":null,"label":"Bin.9.14","evidence":"NA","genename":null,"x":-2.86418262318371,"y":-1.98535432297729,"size":3,"type":"diamond","colorb":"#98F5FF","colorw":"#306EFF","attributes":{"expr":"NA","expcolb":"NA","expcolw":"NA","degree":1,"between":0}},{"id":"Bin.3.66","idnb":24,"hmdb":null,"label":"Bin.3.66","evidence":"NA","genename":null,"x":2.25712404374631,"y":-3.40157804501465,"size":3,"type":"diamond","colorb":"#98F5FF","colorw":"#306EFF","attributes":{"expr":"NA","expcolb":"NA","expcolw":"NA","degree":1,"between":0}},{"id":"Bin.3.62","idnb":25,"hmdb":null,"label":"Bin.3.62","evidence":"NA","genename":null,"x":1.65564566278295,"y":-3.90379869611577,"size":3,"type":"diamond","colorb":"#98F5FF","colorw":"#306EFF","attributes":{"expr":"NA","expcolb":"NA","expcolw":"NA","degree":1,"between":0}},{"id":"Bin.8.66","idnb":26,"hmdb":null,"label":"Bin.8.66","evidence":"NA","genename":null,"x":-3.43413559368875,"y":3.33713658780555,"size":3,"type":"diamond","colorb":"#98F5FF","colorw":"#306EFF","attributes":{"expr":"NA","expcolb":"NA","expcolw":"NA","degree":1,"between":0}},{"id":"Bin.8.58","idnb":27,"hmdb":null,"label":"Bin.8.58","evidence":"NA","genename":null,"x":-2.95555039714173,"y":3.58237541378235,"size":3,"type":"diamond","colorb":"#98F5FF","colorw":"#306EFF","attributes":{"expr":"NA","expcolb":"NA","expcolw":"NA","degree":1,"between":0}},{"id":"Bin.8.54","idnb":28,"hmdb":null,"label":"Bin.8.54","evidence":"NA","genename":null,"x":-1.79801164192976,"y":2.05612196056831,"size":3.31100245285039,"type":"diamond","colorb":"#98F5FF","colorw":"#306EFF","attributes":{"expr":"NA","expcolb":"NA","expcolw":"NA","degree":2,"between":34.2301587301587}},{"id":"Bin.8.38","idnb":29,"hmdb":null,"label":"Bin.8.38","evidence":"NA","genename":null,"x":-3.37785161811005,"y":-0.52764973227218,"size":3.7812711678438,"type":"diamond","colorb":"#98F5FF","colorw":"#306EFF","attributes":{"expr":"NA","expcolb":"NA","expcolw":"NA","degree":3,"between":39.1890331890332}},{"id":"Bin.7.78","idnb":30,"hmdb":null,"label":"Bin.7.78","evidence":"NA","genename":null,"x":-3.84778274926881,"y":2.96079465203965,"size":3,"type":"diamond","colorb":"#98F5FF","colorw":"#306EFF","attributes":{"expr":"NA","expcolb":"NA","expcolw":"NA","degree":1,"between":0}},{"id":"Bin.7.62","idnb":31,"hmdb":null,"label":"Bin.7.62","evidence":"NA","genename":null,"x":-4.27162034530369,"y":-1.14930678222158,"size":3.31100245285039,"type":"diamond","colorb":"#98F5FF","colorw":"#306EFF","attributes":{"expr":"NA","expcolb":"NA","expcolw":"NA","degree":2,"between":11.627380952381}},{"id":"Bin.7.58","idnb":32,"hmdb":null,"label":"Bin.7.58","evidence":"NA","genename":null,"x":-3.34535296660263,"y":0.75902054091581,"size":3.7812711678438,"type":"diamond","colorb":"#98F5FF","colorw":"#306EFF","attributes":{"expr":"NA","expcolb":"NA","expcolw":"NA","degree":3,"between":76.6184523809524}},{"id":"Bin.7.54","idnb":33,"hmdb":null,"label":"Bin.7.54","evidence":"NA","genename":null,"x":-1.81641624916036,"y":1.54799982768543,"size":4.24400981140158,"type":"diamond","colorb":"#98F5FF","colorw":"#306EFF","attributes":{"expr":"NA","expcolb":"NA","expcolw":"NA","degree":4,"between":96.3847222222222}},{"id":"Bin.7.50","idnb":34,"hmdb":null,"label":"Bin.7.50","evidence":"NA","genename":null,"x":-1.14736383979783,"y":1.73593480863996,"size":4.67672309837944,"type":"diamond","colorb":"#98F5FF","colorw":"#306EFF","attributes":{"expr":"NA","expcolb":"NA","expcolw":"NA","degree":5,"between":199.6375}},{"id":"Bin.7.34","idnb":35,"hmdb":null,"label":"Bin.7.34","evidence":"NA","genename":null,"x":-2.4626411627357,"y":3.69767483963513,"size":3,"type":"diamond","colorb":"#98F5FF","colorw":"#306EFF","attributes":{"expr":"NA","expcolb":"NA","expcolw":"NA","degree":1,"between":0}},{"id":"Bin.7.30","idnb":36,"hmdb":null,"label":"Bin.7.30","evidence":"NA","genename":null,"x":-2.47151361605221,"y":1.34440812175614,"size":3.31100245285039,"type":"diamond","colorb":"#98F5FF","colorw":"#306EFF","attributes":{"expr":"NA","expcolb":"NA","expcolw":"NA","degree":2,"between":34.2301587301587}},{"id":"Bin.7.18","idnb":37,"hmdb":null,"label":"Bin.7.18","evidence":"NA","genename":null,"x":-4.30192225529408,"y":1.99419644759278,"size":3,"type":"diamond","colorb":"#98F5FF","colorw":"#306EFF","attributes":{"expr":"NA","expcolb":"NA","expcolw":"NA","degree":1,"between":0}},{"id":"Bin.6.74","idnb":38,"hmdb":null,"label":"Bin.6.74","evidence":"NA","genename":null,"x":-3.87923254343032,"y":-2.43222580217679,"size":3,"type":"diamond","colorb":"#98F5FF","colorw":"#306EFF","attributes":{"expr":"NA","expcolb":"NA","expcolw":"NA","degree":1,"between":0}},{"id":"Bin.6.70","idnb":39,"hmdb":null,"label":"Bin.6.70","evidence":"NA","genename":null,"x":-4.14208302397522,"y":2.49465634595358,"size":3,"type":"diamond","colorb":"#98F5FF","colorw":"#306EFF","attributes":{"expr":"NA","expcolb":"NA","expcolw":"NA","degree":1,"between":0}},{"id":"Bin.6.66","idnb":40,"hmdb":null,"label":"Bin.6.66","evidence":"NA","genename":null,"x":-2.67816138699263,"y":0.971401905384157,"size":3.31100245285039,"type":"diamond","colorb":"#98F5FF","colorw":"#306EFF","attributes":{"expr":"NA","expcolb":"NA","expcolw":"NA","degree":2,"between":34.2301587301587}},{"id":"Bin.6.62","idnb":41,"hmdb":null,"label":"Bin.6.62","evidence":"NA","genename":null,"x":-1.87766276549916,"y":1.07731829208183,"size":3.7812711678438,"type":"diamond","colorb":"#98F5FF","colorw":"#306EFF","attributes":{"expr":"NA","expcolb":"NA","expcolw":"NA","degree":3,"between":75.0065476190476}},{"id":"Bin.4.22","idnb":42,"hmdb":null,"label":"Bin.4.22","evidence":"NA","genename":null,"x":-1.1451051622036,"y":-2.66733131265124,"size":3,"type":"diamond","colorb":"#98F5FF","colorw":"#306EFF","attributes":{"expr":"NA","expcolb":"NA","expcolw":"NA","degree":1,"between":0}},{"id":"Bin.4.06","idnb":43,"hmdb":null,"label":"Bin.4.06","evidence":"NA","genename":null,"x":3.25703582140084,"y":-1.91980276491651,"size":3,"type":"diamond","colorb":"#98F5FF","colorw":"#306EFF","attributes":{"expr":"NA","expcolb":"NA","expcolw":"NA","degree":1,"between":0}},{"id":"Bin.3.98","idnb":44,"hmdb":null,"label":"Bin.3.98","evidence":"NA","genename":null,"x":1.969455383743,"y":1.11167774891925,"size":4.67672309837944,"type":"diamond","colorb":"#98F5FF","colorw":"#306EFF","attributes":{"expr":"NA","expcolb":"NA","expcolw":"NA","degree":5,"between":324}},{"id":"Bin.3.82","idnb":45,"hmdb":null,"label":"Bin.3.82","evidence":"NA","genename":null,"x":-1.65257266628236,"y":-2.81811384111702,"size":3,"type":"diamond","colorb":"#98F5FF","colorw":"#306EFF","attributes":{"expr":"NA","expcolb":"NA","expcolw":"NA","degree":1,"between":0}},{"id":"Bin.3.78","idnb":46,"hmdb":null,"label":"Bin.3.78","evidence":"NA","genename":null,"x":-1.5586982515632,"y":-2.35499562448819,"size":3,"type":"diamond","colorb":"#98F5FF","colorw":"#306EFF","attributes":{"expr":"NA","expcolb":"NA","expcolw":"NA","degree":1,"between":0}},{"id":"Bin.3.46","idnb":47,"hmdb":null,"label":"Bin.3.46","evidence":"NA","genename":null,"x":-1.36424802149938,"y":-3.2100472429838,"size":3,"type":"diamond","colorb":"#98F5FF","colorw":"#306EFF","attributes":{"expr":"NA","expcolb":"NA","expcolw":"NA","degree":1,"between":0}},{"id":"Bin.3.42","idnb":48,"hmdb":null,"label":"Bin.3.42","evidence":"NA","genename":null,"x":0.00106447209263031,"y":-3.10172366023031,"size":3,"type":"diamond","colorb":"#98F5FF","colorw":"#306EFF","attributes":{"expr":"NA","expcolb":"NA","expcolw":"NA","degree":1,"between":0}},{"id":"Bin.3.38","idnb":49,"hmdb":null,"label":"Bin.3.38","evidence":"NA","genename":null,"x":-0.454928336727241,"y":-3.58437145795555,"size":3,"type":"diamond","colorb":"#98F5FF","colorw":"#306EFF","attributes":{"expr":"NA","expcolb":"NA","expcolw":"NA","degree":1,"between":0}},{"id":"Bin.3.02","idnb":50,"hmdb":null,"label":"Bin.3.02","evidence":"NA","genename":null,"x":0.347757034164496,"y":3.51499747626376,"size":3.31100245285039,"type":"diamond","colorb":"#98F5FF","colorw":"#306EFF","attributes":{"expr":"NA","expcolb":"NA","expcolw":"NA","degree":2,"between":17.2}},{"id":"Bin.2.98","idnb":51,"hmdb":null,"label":"Bin.2.98","evidence":"NA","genename":null,"x":0.817003876587955,"y":1.92699040346409,"size":3.7812711678438,"type":"diamond","colorb":"#98F5FF","colorw":"#306EFF","attributes":{"expr":"NA","expcolb":"NA","expcolw":"NA","degree":3,"between":131.133333333333}},{"id":"Bin.2.50","idnb":52,"hmdb":null,"label":"Bin.2.50","evidence":"NA","genename":null,"x":2.31216702146569,"y":-0.304136732885098,"size":3.31100245285039,"type":"diamond","colorb":"#98F5FF","colorw":"#306EFF","attributes":{"expr":"NA","expcolb":"NA","expcolw":"NA","degree":2,"between":5.81428571428571}},{"id":"Bin.2.34","idnb":53,"hmdb":null,"label":"Bin.2.34","evidence":"NA","genename":null,"x":-0.963932465645308,"y":-3.47625374373436,"size":3,"type":"diamond","colorb":"#98F5FF","colorw":"#306EFF","attributes":{"expr":"NA","expcolb":"NA","expcolw":"NA","degree":1,"between":0}},{"id":"Bin.1.82","idnb":54,"hmdb":null,"label":"Bin.1.82","evidence":"NA","genename":null,"x":2.63949718148613,"y":0.546641488770578,"size":3,"type":"diamond","colorb":"#98F5FF","colorw":"#306EFF","attributes":{"expr":"NA","expcolb":"NA","expcolw":"NA","degree":1,"between":0}},{"id":"Bin.1.74","idnb":55,"hmdb":null,"label":"Bin.1.74","evidence":"NA","genename":null,"x":-0.653688894151539,"y":-3.05215743263429,"size":3,"type":"diamond","colorb":"#98F5FF","colorw":"#306EFF","attributes":{"expr":"NA","expcolb":"NA","expcolw":"NA","degree":1,"between":0}},{"id":"Bin.1.66","idnb":56,"hmdb":null,"label":"Bin.1.66","evidence":"NA","genename":null,"x":0.34824081589576,"y":-2.14734192255549,"size":3.31100245285039,"type":"diamond","colorb":"#98F5FF","colorw":"#306EFF","attributes":{"expr":"NA","expcolb":"NA","expcolw":"NA","degree":2,"between":8.91112221112221}},{"id":"Bin.1.62","idnb":57,"hmdb":null,"label":"Bin.1.62","evidence":"NA","genename":null,"x":0.71228527081599,"y":-1.58499615031656,"size":3.31100245285039,"type":"diamond","colorb":"#98F5FF","colorw":"#306EFF","attributes":{"expr":"NA","expcolb":"NA","expcolw":"NA","degree":2,"between":25.6515984015984}},{"id":"Bin.1.58","idnb":58,"hmdb":null,"label":"Bin.1.58","evidence":"NA","genename":null,"x":0.0578141965171045,"y":-1.05649667362633,"size":3.31100245285039,"type":"diamond","colorb":"#98F5FF","colorw":"#306EFF","attributes":{"expr":"NA","expcolb":"NA","expcolw":"NA","degree":2,"between":30.1892857142857}},{"id":"Bin.1.54","idnb":59,"hmdb":null,"label":"Bin.1.54","evidence":"NA","genename":null,"x":0.950200904297668,"y":-1.12579266623215,"size":4.24400981140158,"type":"diamond","colorb":"#98F5FF","colorw":"#306EFF","attributes":{"expr":"NA","expcolb":"NA","expcolw":"NA","degree":4,"between":109.709126984127}},{"id":"Bin.1.42","idnb":60,"hmdb":null,"label":"Bin.1.42","evidence":"NA","genename":null,"x":0.508965244486746,"y":-3.26505545942248,"size":3,"type":"diamond","colorb":"#98F5FF","colorw":"#306EFF","attributes":{"expr":"NA","expcolb":"NA","expcolw":"NA","degree":1,"between":0}},{"id":"Bin.1.38","idnb":61,"hmdb":null,"label":"Bin.1.38","evidence":"NA","genename":null,"x":0.947057166860773,"y":-2.78213535223034,"size":3.31100245285039,"type":"diamond","colorb":"#98F5FF","colorw":"#306EFF","attributes":{"expr":"NA","expcolb":"NA","expcolw":"NA","degree":2,"between":9.31269841269841}},{"id":"Bin.0.94","idnb":62,"hmdb":null,"label":"Bin.0.94","evidence":"NA","genename":null,"x":-1.46255670741169,"y":-1.13085769465163,"size":3.7812711678438,"type":"diamond","colorb":"#98F5FF","colorw":"#306EFF","attributes":{"expr":"NA","expcolb":"NA","expcolw":"NA","degree":3,"between":149.510714285714}},{"id":"Bin.0.90","idnb":63,"hmdb":null,"label":"Bin.0.90","evidence":"NA","genename":null,"x":-0.426832698108848,"y":-0.678073376272176,"size":3.7812711678438,"type":"diamond","colorb":"#98F5FF","colorw":"#306EFF","attributes":{"expr":"NA","expcolb":"NA","expcolw":"NA","degree":3,"between":80.9015873015873}},{"id":"Bin.0.86","idnb":64,"hmdb":null,"label":"Bin.0.86","evidence":"NA","genename":null,"x":-1.05835511732965,"y":-0.681694013472517,"size":4.24400981140158,"type":"diamond","colorb":"#98F5FF","colorw":"#306EFF","attributes":{"expr":"NA","expcolb":"NA","expcolw":"NA","degree":4,"between":304.543506493506}},{"id":"Bin.0.82","idnb":65,"hmdb":null,"label":"Bin.0.82","evidence":"NA","genename":null,"x":0.506301930642342,"y":-0.728430050968488,"size":3.7812711678438,"type":"diamond","colorb":"#98F5FF","colorw":"#306EFF","attributes":{"expr":"NA","expcolb":"NA","expcolw":"NA","degree":3,"between":81.3801809301809}},{"id":"Bin.0.78","idnb":66,"hmdb":null,"label":"Bin.0.78","evidence":"NA","genename":null,"x":-0.0300965646533653,"y":-0.561421662957663,"size":5.07812807149455,"type":"diamond","colorb":"#98F5FF","colorw":"#306EFF","attributes":{"expr":"NA","expcolb":"NA","expcolw":"NA","degree":6,"between":355.241733266733}},{"id":"Bin.0.74","idnb":67,"hmdb":null,"label":"Bin.0.74","evidence":"NA","genename":null,"x":1.18119106342864,"y":-2.34811594054094,"size":5.07812807149455,"type":"diamond","colorb":"#98F5FF","colorw":"#306EFF","attributes":{"expr":"NA","expcolb":"NA","expcolw":"NA","degree":6,"between":177.346714396714}},{"id":"Bin.0.66","idnb":68,"hmdb":null,"label":"Bin.0.66","evidence":"NA","genename":null,"x":0.0654546546361008,"y":-3.5571375625321,"size":3,"type":"diamond","colorb":"#98F5FF","colorw":"#306EFF","attributes":{"expr":"NA","expcolb":"NA","expcolw":"NA","degree":1,"between":0}},{"id":"Bin.0.62","idnb":69,"hmdb":null,"label":"Bin.0.62","evidence":"NA","genename":null,"x":1.18009462017576,"y":1.05239713738764,"size":3,"type":"diamond","colorb":"#98F5FF","colorw":"#306EFF","attributes":{"expr":"NA","expcolb":"NA","expcolw":"NA","degree":1,"between":0}}],"edges":[{"id":"1","source":"Bin.9.46","target":"Bin.8.86","coeff":"1","pval":"1.97e-10","qval":"7.84e-08","esize_pval":"3.74783104638031","esize_qval":"5.00474802696961","esize_coeff":"8"},{"id":"2","source":"Bin.9.46","target":"Bin.7.50","coeff":"1","pval":"2.77e-11","qval":"1.95e-08","esize_pval":"6.59948613247926","esize_qval":"9.07270672653328","esize_coeff":"8"},{"id":"3","source":"Bin.9.46","target":"Bin.6.62","coeff":"1","pval":"5.41e-10","qval":"1.47e-07","esize_pval":"2.27936920850128","esize_qval":"3.16693239113604","esize_coeff":"8"},{"id":"4","source":"Bin.9.46","target":"Bin.0.90","coeff":"1","pval":"3.69e-10","qval":"1.13e-07","esize_pval":"2.83555421026741","esize_qval":"3.93597650217463","esize_coeff":"8"},{"id":"5","source":"Bin.9.66","target":"Bin.8.82","coeff":"1","pval":"1.98e-11","qval":"1.75e-08","esize_pval":"7.08753718282982","esize_qval":"9.3890826066304","esize_coeff":"8"},{"id":"6","source":"Bin.9.66","target":"Bin.7.50","coeff":"1","pval":"6.68e-12","qval":"1.42e-08","esize_pval":"8.66698000079263","esize_qval":"10","esize_coeff":"8"},{"id":"7","source":"Bin.9.66","target":"Bin.3.02","coeff":"1","pval":"4.58e-11","qval":"2.62e-08","esize_pval":"5.86853470427197","esize_qval":"8.20922902842638","esize_coeff":"8"},{"id":"8","source":"Bin.9.70","target":"Bin.8.78","coeff":"1","pval":"1.04e-11","qval":"1.42e-08","esize_pval":"8.02348350379613","esize_qval":"10","esize_coeff":"8"},{"id":"9","source":"Bin.9.42","target":"Bin.8.78","coeff":"1","pval":"2.03e-11","qval":"1.75e-08","esize_pval":"7.05128561857619","esize_qval":"9.3890826066304","esize_coeff":"8"},{"id":"10","source":"Bin.9.42","target":"Bin.8.54","coeff":"1","pval":"3.7e-10","qval":"1.13e-07","esize_pval":"2.83162020952335","esize_qval":"3.93597650217463","esize_coeff":"8"},{"id":"11","source":"Bin.9.42","target":"Bin.7.54","coeff":"1","pval":"3.19e-11","qval":"2.12e-08","esize_pval":"6.39427444364978","esize_qval":"8.82833056099826","esize_coeff":"8"},{"id":"12","source":"Bin.9.42","target":"Bin.7.50","coeff":"1","pval":"6.24e-12","qval":"1.42e-08","esize_pval":"8.76602595845399","esize_qval":"10","esize_coeff":"8"},{"id":"13","source":"Bin.9.42","target":"Bin.7.30","coeff":"1","pval":"1.04e-09","qval":"2.52e-07","esize_pval":"1.32935107400376","esize_qval":"1.59110905199154","esize_coeff":"8"},{"id":"14","source":"Bin.9.42","target":"Bin.6.66","coeff":"1","pval":"2.76e-11","qval":"1.95e-08","esize_pval":"6.60474332586856","esize_qval":"9.07270672653328","esize_coeff":"8"},{"id":"15","source":"Bin.9.42","target":"Bin.6.62","coeff":"1","pval":"1.21e-09","qval":"2.68e-07","esize_pval":"1.10927467242371","esize_qval":"1.41113689194002","esize_coeff":"8"},{"id":"16","source":"Bin.9.42","target":"Bin.0.94","coeff":"1","pval":"3.7e-10","qval":"1.13e-07","esize_pval":"2.83162020952335","esize_qval":"3.93597650217463","esize_coeff":"8"},{"id":"17","source":"Bin.9.42","target":"Bin.0.86","coeff":"1","pval":"1.11e-09","qval":"2.56e-07","esize_pval":"1.2346637774423","esize_qval":"1.54506677077109","esize_coeff":"8"},{"id":"18","source":"Bin.9.38","target":"Bin.8.66","coeff":"1","pval":"2.35e-11","qval":"1.8e-08","esize_pval":"6.83850651304646","esize_qval":"9.3067215424158","esize_coeff":"8"},{"id":"19","source":"Bin.9.38","target":"Bin.8.58","coeff":"1","pval":"2.51e-10","qval":"8.92e-08","esize_pval":"3.39569459324274","esize_qval":"4.62743350033067","esize_coeff":"8"},{"id":"20","source":"Bin.9.38","target":"Bin.8.54","coeff":"1","pval":"1.6e-10","qval":"6.63e-08","esize_pval":"4.05022590566092","esize_qval":"5.49484697345453","esize_coeff":"8"},{"id":"21","source":"Bin.9.38","target":"Bin.7.78","coeff":"1","pval":"3.97e-12","qval":"1.42e-08","esize_pval":"9.42336995819874","esize_qval":"10","esize_coeff":"8"},{"id":"22","source":"Bin.9.38","target":"Bin.7.58","coeff":"1","pval":"2.72e-10","qval":"9.51e-08","esize_pval":"3.27889810665643","esize_qval":"4.44018140736506","esize_coeff":"8"},{"id":"23","source":"Bin.9.38","target":"Bin.7.54","coeff":"1","pval":"1.05e-11","qval":"1.42e-08","esize_pval":"8.00957323125562","esize_qval":"10","esize_coeff":"8"},{"id":"24","source":"Bin.9.38","target":"Bin.7.50","coeff":"1","pval":"6.37e-12","qval":"1.42e-08","esize_pval":"8.73605350715068","esize_qval":"10","esize_coeff":"8"},{"id":"25","source":"Bin.9.38","target":"Bin.7.34","coeff":"1","pval":"2.84e-11","qval":"1.95e-08","esize_pval":"6.56320871772569","esize_qval":"9.07270672653328","esize_coeff":"8"},{"id":"26","source":"Bin.9.38","target":"Bin.7.30","coeff":"1","pval":"4.36e-10","qval":"1.28e-07","esize_pval":"2.5930253802803","esize_qval":"3.57156880390818","esize_coeff":"8"},{"id":"27","source":"Bin.9.38","target":"Bin.7.18","coeff":"1","pval":"7.91e-10","qval":"2.02e-07","esize_pval":"1.72717284046442","esize_qval":"2.23770189587749","esize_coeff":"8"},{"id":"28","source":"Bin.9.38","target":"Bin.6.70","coeff":"1","pval":"5.85e-12","qval":"1.42e-08","esize_pval":"8.85983995226304","esize_qval":"10","esize_coeff":"8"},{"id":"29","source":"Bin.9.38","target":"Bin.6.66","coeff":"1","pval":"1.06e-11","qval":"1.42e-08","esize_pval":"7.99579481162352","esize_qval":"10","esize_coeff":"8"},{"id":"30","source":"Bin.9.38","target":"Bin.6.62","coeff":"1","pval":"8.46e-11","qval":"4.22e-08","esize_pval":"4.97652520746602","esize_qval":"6.81565183698695","esize_coeff":"8"},{"id":"31","source":"Bin.9.58","target":"Bin.8.38","coeff":"1","pval":"1.83e-09","qval":"3.66e-07","esize_pval":"0.507921612998167","esize_qval":"0.5","esize_coeff":"8"},{"id":"32","source":"Bin.9.58","target":"Bin.7.58","coeff":"1","pval":"3.63e-11","qval":"2.22e-08","esize_pval":"6.20645067013502","esize_qval":"8.6935774738178","esize_coeff":"8"},{"id":"33","source":"Bin.9.58","target":"Bin.7.54","coeff":"1","pval":"1.07e-11","qval":"1.42e-08","esize_pval":"7.98214576873376","esize_qval":"10","esize_coeff":"8"},{"id":"34","source":"Bin.9.58","target":"Bin.0.78","coeff":"1","pval":"1.6e-09","qval":"3.32e-07","esize_pval":"0.703159690764732","esize_qval":"0.785048600639961","esize_coeff":"8"},{"id":"35","source":"Bin.9.54","target":"Bin.8.38","coeff":"1","pval":"1.76e-09","qval":"3.58e-07","esize_pval":"0.564615632727801","esize_qval":"0.564613114481261","esize_coeff":"8"},{"id":"36","source":"Bin.9.54","target":"Bin.7.62","coeff":"1","pval":"5.81e-12","qval":"1.42e-08","esize_pval":"8.86981331823242","esize_qval":"10","esize_coeff":"8"},{"id":"37","source":"Bin.9.54","target":"Bin.7.58","coeff":"1","pval":"8.82e-12","qval":"1.42e-08","esize_pval":"8.26301547464571","esize_qval":"10","esize_coeff":"8"},{"id":"38","source":"Bin.9.50","target":"Bin.8.38","coeff":"1","pval":"6.84e-11","qval":"3.68e-08","esize_pval":"5.28550715267963","esize_qval":"7.21596144057279","esize_coeff":"8"},{"id":"39","source":"Bin.9.50","target":"Bin.7.62","coeff":"1","pval":"1.44e-11","qval":"1.51e-08","esize_pval":"7.55044547129116","esize_qval":"9.82033515318087","esize_coeff":"8"},{"id":"40","source":"Bin.9.50","target":"Bin.6.74","coeff":"1","pval":"4.52e-10","qval":"1.29e-07","esize_pval":"2.54063728215661","esize_qval":"3.54881674796641","esize_coeff":"8"},{"id":"41","source":"Bin.9.50","target":"Bin.0.86","coeff":"1","pval":"4.6e-10","qval":"1.29e-07","esize_pval":"2.51513465631451","esize_qval":"3.54881674796641","esize_coeff":"8"},{"id":"42","source":"Bin.9.62","target":"Bin.7.54","coeff":"1","pval":"1.23e-11","qval":"1.51e-08","esize_pval":"7.77957685724466","esize_qval":"9.82033515318087","esize_coeff":"8"},{"id":"43","source":"Bin.9.62","target":"Bin.7.50","coeff":"1","pval":"2.85e-12","qval":"1.42e-08","esize_pval":"9.90516556923246","esize_qval":"10","esize_coeff":"8"},{"id":"44","source":"Bin.9.34","target":"Bin.6.54","coeff":"1","pval":"5.11e-10","qval":"1.41e-07","esize_pval":"2.36229734262652","esize_qval":"3.28876770454499","esize_coeff":"8"},{"id":"45","source":"Bin.8.74","target":"Bin.4.22","coeff":"1","pval":"1.08e-09","qval":"2.52e-07","esize_pval":"1.27449126573225","esize_qval":"1.59110905199154","esize_coeff":"8"},{"id":"46","source":"Bin.8.74","target":"Bin.3.82","coeff":"1","pval":"8.47e-11","qval":"4.22e-08","esize_pval":"4.97480800420938","esize_qval":"6.81565183698695","esize_coeff":"8"},{"id":"47","source":"Bin.8.74","target":"Bin.3.78","coeff":"1","pval":"1.15e-10","qval":"5.32e-08","esize_pval":"4.53026931262902","esize_qval":"6.13842880791854","esize_coeff":"8"},{"id":"48","source":"Bin.8.74","target":"Bin.3.46","coeff":"1","pval":"3.33e-10","qval":"1.07e-07","esize_pval":"2.98477356025742","esize_qval":"4.09548648159932","esize_coeff":"8"},{"id":"49","source":"Bin.8.74","target":"Bin.3.42","coeff":"1","pval":"1.31e-10","qval":"5.65e-08","esize_pval":"4.34091421172725","esize_qval":"5.96247853531172","esize_coeff":"8"},{"id":"50","source":"Bin.8.74","target":"Bin.3.38","coeff":"1","pval":"3.98e-10","qval":"1.19e-07","esize_pval":"2.72558063996778","esize_qval":"3.78472082041454","esize_coeff":"8"},{"id":"51","source":"Bin.8.74","target":"Bin.2.34","coeff":"1","pval":"9.02e-10","qval":"2.27e-07","esize_pval":"1.53628947333916","esize_qval":"1.89656661392675","esize_coeff":"8"},{"id":"52","source":"Bin.8.74","target":"Bin.1.74","coeff":"1","pval":"8.94e-11","qval":"4.34e-08","esize_pval":"4.89630555016497","esize_qval":"6.73367568810877","esize_coeff":"8"},{"id":"53","source":"Bin.8.74","target":"Bin.1.66","coeff":"1","pval":"2.15e-11","qval":"1.78e-08","esize_pval":"6.9678016805743","esize_qval":"9.33938807704797","esize_coeff":"8"},{"id":"54","source":"Bin.8.74","target":"Bin.1.62","coeff":"1","pval":"1.25e-09","qval":"2.73e-07","esize_pval":"1.06199855807316","esize_qval":"1.35709423610902","esize_coeff":"8"},{"id":"55","source":"Bin.8.74","target":"Bin.1.58","coeff":"1","pval":"7.32e-11","qval":"3.83e-08","esize_pval":"5.18691938647602","esize_qval":"7.09915664806417","esize_coeff":"8"},{"id":"56","source":"Bin.8.74","target":"Bin.1.54","coeff":"1","pval":"1.05e-10","qval":"4.97e-08","esize_pval":"4.66250701635943","esize_qval":"6.33739157584993","esize_coeff":"8"},{"id":"57","source":"Bin.8.74","target":"Bin.1.42","coeff":"1","pval":"1.84e-09","qval":"3.66e-07","esize_pval":"0.499999999999996","esize_qval":"0.5","esize_coeff":"8"},{"id":"58","source":"Bin.8.74","target":"Bin.1.38","coeff":"1","pval":"1.32e-09","qval":"2.86e-07","esize_pval":"0.982793856961255","esize_qval":"1.22108718174934","esize_coeff":"8"},{"id":"59","source":"Bin.8.74","target":"Bin.0.94","coeff":"1","pval":"1.03e-11","qval":"1.42e-08","esize_pval":"8.03752817718622","esize_qval":"10","esize_coeff":"8"},{"id":"60","source":"Bin.8.74","target":"Bin.0.90","coeff":"1","pval":"1.59e-11","qval":"1.58e-08","esize_pval":"7.40640570769971","esize_qval":"9.68785053832386","esize_coeff":"8"},{"id":"61","source":"Bin.8.74","target":"Bin.0.86","coeff":"1","pval":"3.68e-11","qval":"2.22e-08","esize_pval":"6.1865651016351","esize_qval":"8.6935774738178","esize_coeff":"8"},{"id":"62","source":"Bin.8.74","target":"Bin.0.82","coeff":"1","pval":"1.39e-11","qval":"1.51e-08","esize_pval":"7.60181521212933","esize_qval":"9.82033515318087","esize_coeff":"8"},{"id":"63","source":"Bin.8.74","target":"Bin.0.78","coeff":"1","pval":"2.27e-10","qval":"8.38e-08","esize_pval":"3.5417868851532","esize_qval":"4.81000809279981","esize_coeff":"8"},{"id":"64","source":"Bin.8.74","target":"Bin.0.74","coeff":"1","pval":"1.36e-11","qval":"1.51e-08","esize_pval":"7.63353164970987","esize_qval":"9.82033515318087","esize_coeff":"8"},{"id":"65","source":"Bin.8.74","target":"Bin.0.66","coeff":"1","pval":"5.55e-10","qval":"1.49e-07","esize_pval":"2.24223110559955","esize_qval":"3.12742335159196","esize_coeff":"8"},{"id":"66","source":"Bin.8.90","target":"Bin.4.06","coeff":"1","pval":"2.13e-10","qval":"8.16e-08","esize_pval":"3.63432072706296","esize_qval":"4.88778745322033","esize_coeff":"8"},{"id":"67","source":"Bin.8.90","target":"Bin.1.54","coeff":"1","pval":"4.57e-10","qval":"1.29e-07","esize_pval":"2.52464578547729","esize_qval":"3.54881674796641","esize_coeff":"8"},{"id":"68","source":"Bin.8.90","target":"Bin.1.38","coeff":"1","pval":"6.75e-10","qval":"1.77e-07","esize_pval":"1.95769436346509","esize_qval":"2.6239652059588","esize_coeff":"8"},{"id":"69","source":"Bin.8.90","target":"Bin.0.78","coeff":"1","pval":"2.17e-10","qval":"8.16e-08","esize_pval":"3.60727599555638","esize_qval":"4.88778745322033","esize_coeff":"8"},{"id":"70","source":"Bin.8.90","target":"Bin.0.74","coeff":"1","pval":"1.68e-09","qval":"3.45e-07","esize_pval":"0.632237703730411","esize_qval":"0.672753799651836","esize_coeff":"8"},{"id":"71","source":"Bin.8.78","target":"Bin.3.98","coeff":"1","pval":"2.67e-12","qval":"1.42e-08","esize_pval":"10","esize_qval":"10","esize_coeff":"8"},{"id":"72","source":"Bin.8.78","target":"Bin.2.98","coeff":"1","pval":"7.16e-12","qval":"1.42e-08","esize_pval":"8.56611093954471","esize_qval":"10","esize_coeff":"8"},{"id":"73","source":"Bin.8.78","target":"Bin.1.58","coeff":"1","pval":"1.82e-10","qval":"7.38e-08","esize_pval":"3.86295284720776","esize_qval":"5.181525550644","esize_coeff":"8"},{"id":"74","source":"Bin.8.78","target":"Bin.1.54","coeff":"1","pval":"3.03e-10","qval":"1.04e-07","esize_pval":"3.12200864712288","esize_qval":"4.17862832414238","esize_coeff":"8"},{"id":"75","source":"Bin.8.78","target":"Bin.0.90","coeff":"1","pval":"2.06e-10","qval":"8.02e-08","esize_pval":"3.68289463413279","esize_qval":"4.93838295827583","esize_coeff":"8"},{"id":"76","source":"Bin.8.78","target":"Bin.0.86","coeff":"1","pval":"2.48e-10","qval":"8.92e-08","esize_pval":"3.41317310909132","esize_qval":"4.62743350033067","esize_coeff":"8"},{"id":"77","source":"Bin.8.78","target":"Bin.0.82","coeff":"1","pval":"5.56e-11","qval":"3.08e-08","esize_pval":"5.58668055581482","esize_qval":"7.73631734186374","esize_coeff":"8"},{"id":"78","source":"Bin.8.78","target":"Bin.0.78","coeff":"1","pval":"1.06e-09","qval":"2.52e-07","esize_pval":"1.30166238183115","esize_qval":"1.59110905199154","esize_coeff":"8"},{"id":"79","source":"Bin.8.78","target":"Bin.0.62","coeff":"1","pval":"1.2e-09","qval":"2.68e-07","esize_pval":"1.12133791499819","esize_qval":"1.41113689194002","esize_coeff":"8"},{"id":"80","source":"Bin.6.58","target":"Bin.3.98","coeff":"1","pval":"1.21e-10","qval":"5.48e-08","esize_pval":"4.4563408873199","esize_qval":"6.0517965604263","esize_coeff":"8"},{"id":"81","source":"Bin.6.54","target":"Bin.3.98","coeff":"1","pval":"3.21e-10","qval":"1.07e-07","esize_pval":"3.03812312175651","esize_qval":"4.09548648159932","esize_coeff":"8"},{"id":"82","source":"Bin.6.38","target":"Bin.3.98","coeff":"1","pval":"3.28e-10","qval":"1.07e-07","esize_pval":"3.00676508995776","esize_qval":"4.09548648159932","esize_coeff":"8"},{"id":"83","source":"Bin.4.38","target":"Bin.3.98","coeff":"1","pval":"9.93e-10","qval":"2.44e-07","esize_pval":"1.39657385578873","esize_qval":"1.68542769702039","esize_coeff":"8"},{"id":"84","source":"Bin.9.74","target":"Bin.3.02","coeff":"1","pval":"1.71e-11","qval":"1.62e-08","esize_pval":"7.30064180899414","esize_qval":"9.61475612032532","esize_coeff":"8"},{"id":"85","source":"Bin.9.74","target":"Bin.2.98","coeff":"1","pval":"3.69e-11","qval":"2.22e-08","esize_pval":"6.1826204251636","esize_qval":"8.6935774738178","esize_coeff":"8"},{"id":"86","source":"Bin.9.82","target":"Bin.2.98","coeff":"1","pval":"2.24e-11","qval":"1.78e-08","esize_pval":"6.90819190928932","esize_qval":"9.33938807704797","esize_coeff":"8"},{"id":"87","source":"Bin.8.86","target":"Bin.2.50","coeff":"1","pval":"1.3e-10","qval":"5.65e-08","esize_pval":"4.35205305847553","esize_qval":"5.96247853531172","esize_coeff":"8"},{"id":"88","source":"Bin.8.86","target":"Bin.1.66","coeff":"1","pval":"1.12e-09","qval":"2.56e-07","esize_pval":"1.22162680765421","esize_qval":"1.54506677077109","esize_coeff":"8"},{"id":"89","source":"Bin.8.86","target":"Bin.0.78","coeff":"1","pval":"4.01e-10","qval":"1.19e-07","esize_pval":"2.71466485109199","esize_qval":"3.78472082041454","esize_coeff":"8"},{"id":"90","source":"Bin.8.86","target":"Bin.0.74","coeff":"1","pval":"1.14e-09","qval":"2.58e-07","esize_pval":"1.19589848312557","esize_qval":"1.52231471482931","esize_coeff":"8"},{"id":"91","source":"Bin.8.82","target":"Bin.2.50","coeff":"1","pval":"1.45e-10","qval":"6.16e-08","esize_pval":"4.19331961494778","esize_qval":"5.70981530872664","esize_coeff":"8"},{"id":"92","source":"Bin.8.82","target":"Bin.1.82","coeff":"1","pval":"6.23e-10","qval":"1.65e-07","esize_pval":"2.07422490428199","esize_qval":"2.82921609195575","esize_coeff":"8"},{"id":"93","source":"Bin.8.82","target":"Bin.1.62","coeff":"1","pval":"1.05e-09","qval":"2.52e-07","esize_pval":"1.31544080146325","esize_qval":"1.59110905199154","esize_coeff":"8"},{"id":"94","source":"Bin.8.82","target":"Bin.0.82","coeff":"1","pval":"1.38e-09","qval":"2.92e-07","esize_pval":"0.918178224233451","esize_qval":"1.16038691626138","esize_coeff":"8"},{"id":"95","source":"Bin.8.82","target":"Bin.0.78","coeff":"1","pval":"4.62e-11","qval":"2.62e-08","esize_pval":"5.85589451690418","esize_qval":"8.20922902842638","esize_coeff":"8"},{"id":"96","source":"Bin.8.94","target":"Bin.1.54","coeff":"1","pval":"1.38e-09","qval":"2.92e-07","esize_pval":"0.918178224233451","esize_qval":"1.16038691626138","esize_coeff":"8"},{"id":"97","source":"Bin.8.94","target":"Bin.0.74","coeff":"1","pval":"3.34e-10","qval":"1.07e-07","esize_pval":"2.98041489915752","esize_qval":"4.09548648159932","esize_coeff":"8"},{"id":"98","source":"Bin.9.14","target":"Bin.0.94","coeff":"1","pval":"7.25e-10","qval":"1.87e-07","esize_pval":"1.85382072820886","esize_qval":"2.46328606903447","esize_coeff":"8"},{"id":"99","source":"Bin.3.66","target":"Bin.0.74","coeff":"1","pval":"9.37e-10","qval":"2.33e-07","esize_pval":"1.48095224905623","esize_qval":"1.82029382475738","esize_coeff":"8"},{"id":"100","source":"Bin.3.62","target":"Bin.0.74","coeff":"1","pval":"1.6e-09","qval":"3.32e-07","esize_pval":"0.703159690764732","esize_qval":"0.785048600639961","esize_coeff":"8"}]}