Id,Label
Bin.9.98,Bin.9.98
Bin.9.94,Bin.9.94
Bin.9.90,Bin.9.90
Bin.9.86,Bin.9.86
Bin.9.82,Bin.9.82
Bin.9.78,Bin.9.78
Bin.9.74,Bin.9.74
Bin.9.70,Bin.9.70
Bin.9.66,Bin.9.66
Bin.9.62,Bin.9.62
Bin.9.58,Bin.9.58
Bin.9.54,Bin.9.54
Bin.9.50,Bin.9.50
Bin.9.46,Bin.9.46
Bin.9.42,Bin.9.42
Bin.9.38,Bin.9.38
Bin.9.34,Bin.9.34
Bin.9.30,Bin.9.30
Bin.9.26,Bin.9.26
Bin.9.22,Bin.9.22
Bin.9.18,Bin.9.18
Bin.9.14,Bin.9.14
Bin.9.10,Bin.9.10
Bin.9.06,Bin.9.06
Bin.9.02,Bin.9.02
Bin.8.98,Bin.8.98
Bin.8.94,Bin.8.94
Bin.8.90,Bin.8.90
Bin.8.86,Bin.8.86
Bin.8.82,Bin.8.82
Bin.8.78,Bin.8.78
Bin.8.74,Bin.8.74
Bin.8.70,Bin.8.70
Bin.8.66,Bin.8.66
Bin.8.62,Bin.8.62
Bin.8.58,Bin.8.58
Bin.8.54,Bin.8.54
Bin.8.50,Bin.8.50
Bin.8.46,Bin.8.46
Bin.8.42,Bin.8.42
Bin.8.38,Bin.8.38
Bin.8.34,Bin.8.34
Bin.8.30,Bin.8.30
Bin.8.26,Bin.8.26
Bin.8.22,Bin.8.22
Bin.8.18,Bin.8.18
Bin.8.14,Bin.8.14
Bin.8.10,Bin.8.10
Bin.8.06,Bin.8.06
Bin.8.02,Bin.8.02
Bin.7.98,Bin.7.98
Bin.7.94,Bin.7.94
Bin.7.90,Bin.7.90
Bin.7.86,Bin.7.86
Bin.7.82,Bin.7.82
Bin.7.78,Bin.7.78
Bin.7.74,Bin.7.74
Bin.7.70,Bin.7.70
Bin.7.66,Bin.7.66
Bin.7.62,Bin.7.62
Bin.7.58,Bin.7.58
Bin.7.54,Bin.7.54
Bin.7.50,Bin.7.50
Bin.7.46,Bin.7.46
Bin.7.42,Bin.7.42
Bin.7.38,Bin.7.38
Bin.7.34,Bin.7.34
Bin.7.30,Bin.7.30
Bin.7.26,Bin.7.26
Bin.7.22,Bin.7.22
Bin.7.18,Bin.7.18
Bin.7.14,Bin.7.14
Bin.7.10,Bin.7.10
Bin.7.06,Bin.7.06
Bin.7.02,Bin.7.02
Bin.6.98,Bin.6.98
Bin.6.94,Bin.6.94
Bin.6.90,Bin.6.90
Bin.6.86,Bin.6.86
Bin.6.82,Bin.6.82
Bin.6.78,Bin.6.78
Bin.6.74,Bin.6.74
Bin.6.70,Bin.6.70
Bin.6.66,Bin.6.66
Bin.6.62,Bin.6.62
Bin.6.58,Bin.6.58
Bin.6.54,Bin.6.54
Bin.6.50,Bin.6.50
Bin.6.46,Bin.6.46
Bin.6.42,Bin.6.42
Bin.6.38,Bin.6.38
Bin.6.34,Bin.6.34
Bin.6.30,Bin.6.30
Bin.4.38,Bin.4.38
Bin.4.34,Bin.4.34
Bin.4.30,Bin.4.30
Bin.4.26,Bin.4.26
Bin.4.22,Bin.4.22
Bin.4.18,Bin.4.18
Bin.4.14,Bin.4.14
Bin.4.10,Bin.4.10
Bin.4.06,Bin.4.06
Bin.4.02,Bin.4.02
Bin.4.04,Bin.4.04
Bin.3.98,Bin.3.98
Bin.3.94,Bin.3.94
Bin.3.90,Bin.3.90
Bin.3.86,Bin.3.86
Bin.3.82,Bin.3.82
Bin.3.78,Bin.3.78
Bin.3.74,Bin.3.74
Bin.3.70,Bin.3.70
Bin.3.66,Bin.3.66
Bin.3.62,Bin.3.62
Bin.3.58,Bin.3.58
Bin.3.54,Bin.3.54
Bin.3.50,Bin.3.50
Bin.3.46,Bin.3.46
Bin.3.42,Bin.3.42
Bin.3.38,Bin.3.38
Bin.3.34,Bin.3.34
Bin.3.30,Bin.3.30
Bin.3.26,Bin.3.26
Bin.3.22,Bin.3.22
Bin.3.18,Bin.3.18
Bin.3.14,Bin.3.14
Bin.3.10,Bin.3.10
Bin.3.06,Bin.3.06
Bin.3.02,Bin.3.02
Bin.3.04,Bin.3.04
Bin.2.98,Bin.2.98
Bin.2.94,Bin.2.94
Bin.2.90,Bin.2.90
Bin.2.86,Bin.2.86
Bin.2.82,Bin.2.82
Bin.2.78,Bin.2.78
Bin.2.74,Bin.2.74
Bin.2.70,Bin.2.70
Bin.2.66,Bin.2.66
Bin.2.62,Bin.2.62
Bin.2.58,Bin.2.58
Bin.2.54,Bin.2.54
Bin.2.50,Bin.2.50
Bin.2.46,Bin.2.46
Bin.2.42,Bin.2.42
Bin.2.38,Bin.2.38
Bin.2.34,Bin.2.34
Bin.2.30,Bin.2.30
Bin.2.26,Bin.2.26
Bin.2.22,Bin.2.22
Bin.2.18,Bin.2.18
Bin.2.14,Bin.2.14
Bin.2.10,Bin.2.10
Bin.2.06,Bin.2.06
Bin.2.02,Bin.2.02
Bin.1.98,Bin.1.98
Bin.1.94,Bin.1.94
Bin.1.90,Bin.1.90
Bin.1.86,Bin.1.86
Bin.1.82,Bin.1.82
Bin.1.78,Bin.1.78
Bin.1.74,Bin.1.74
Bin.1.70,Bin.1.70
Bin.1.66,Bin.1.66
Bin.1.62,Bin.1.62
Bin.1.58,Bin.1.58
Bin.1.54,Bin.1.54
Bin.1.50,Bin.1.50
Bin.1.46,Bin.1.46
Bin.1.42,Bin.1.42
Bin.1.38,Bin.1.38
Bin.1.34,Bin.1.34
Bin.1.30,Bin.1.30
Bin.1.26,Bin.1.26
Bin.1.22,Bin.1.22
Bin.1.18,Bin.1.18
Bin.1.14,Bin.1.14
Bin.1.10,Bin.1.10
Bin.1.06,Bin.1.06
Bin.1.02,Bin.1.02
Bin.0.98,Bin.0.98
Bin.0.94,Bin.0.94
Bin.0.90,Bin.0.90
Bin.0.86,Bin.0.86
Bin.0.82,Bin.0.82
Bin.0.78,Bin.0.78
Bin.0.74,Bin.0.74
Bin.0.70,Bin.0.70
Bin.0.66,Bin.0.66
Bin.0.62,Bin.0.62
Bin.0.58,Bin.0.58
Bin.0.54,Bin.0.54
Bin.0.50,Bin.0.50
Bin.0.46,Bin.0.46
Bin.0.42,Bin.0.42
Bin.0.38,Bin.0.38
Bin.0.34,Bin.0.34
Bin.0.30,Bin.0.30
Bin.0.26,Bin.0.26
Bin.0.22,Bin.0.22
