{
 "omicstype": "",
"nodes": [
 {
 "id": "C002",
"label": "C002",
"size":       18,
"meta": "control",
"fx": -519.4825,
"fy": -649.4308,
"fz": 208.6967,
"origX": -0.15586,
"origY":  -1.7213,
"origZ":  0.25218,
"colorb": "#E6194B" 
},
{
 "id": "C004",
"label": "C004",
"size":       18,
"meta": "control",
"fx": -644.1625,
"fy": -284.6431,
"fz": 280.0283,
"origX":  -1.1533,
"origY":  0.64982,
"origZ":  0.68017,
"colorb": "#E6194B" 
},
{
 "id": "C005",
"label": "C005",
"size":       18,
"meta": "control",
"fx": -518.4837,
"fy": -740.6769,
"fz": 90.94833,
"origX": -0.14787,
"origY":  -2.3144,
"origZ": -0.45431,
"colorb": "#E6194B" 
},
{
 "id": "C006",
"label": "C006",
"size":       18,
"meta": "control",
"fx":   -652.2,
"fy": -100.2308,
"fz":  183.105,
"origX":  -1.2176,
"origY":   1.8485,
"origZ":  0.09863,
"colorb": "#E6194B" 
},
{
 "id": "C007",
"label": "C007",
"size":       18,
"meta": "control",
"fx": -655.3125,
"fy": -668.8462,
"fz":    -19.3,
"origX":  -1.2425,
"origY":  -1.8475,
"origZ":  -1.1158,
"colorb": "#E6194B" 
},
{
 "id": "C009",
"label": "C009",
"size":       18,
"meta": "control",
"fx": -739.925,
"fy": -377.4586,
"fz": 22.96167,
"origX":  -1.9194,
"origY": 0.046519,
"origZ": -0.86223,
"colorb": "#E6194B" 
},
{
 "id": "C010",
"label": "C010",
"size":       18,
"meta": "control",
"fx": -661.475,
"fy": -321.8985,
"fz": 175.1605,
"origX":  -1.2918,
"origY":  0.40766,
"origZ": 0.050963,
"colorb": "#E6194B" 
},
{
 "id": "C011",
"label": "C011",
"size":       18,
"meta": "control",
"fx": -697.575,
"fy": 16.24615,
"fz": 344.0333,
"origX":  -1.5806,
"origY":   2.6056,
"origZ":   1.0642,
"colorb": "#E6194B" 
},
{
 "id": "C012",
"label": "C012",
"size":       18,
"meta": "control",
"fx": -688.9125,
"fy": -409.5462,
"fz": 201.1683,
"origX":  -1.5113,
"origY": -0.16205,
"origZ":  0.20701,
"colorb": "#E6194B" 
},
{
 "id": "C015",
"label": "C015",
"size":       18,
"meta": "control",
"fx": -713.8875,
"fy": -426.6477,
"fz": 57.84667,
"origX":  -1.7111,
"origY": -0.27321,
"origZ": -0.65292,
"colorb": "#E6194B" 
},
{
 "id": "C016",
"label": "C016",
"size":       18,
"meta": "control",
"fx":   -857.8,
"fy": -13.81538,
"fz": -22.38333,
"origX":  -2.8624,
"origY":   2.4102,
"origZ":  -1.1343,
"colorb": "#E6194B" 
},
{
 "id": "C017",
"label": "C017",
"size":       18,
"meta": "control",
"fx":  -532.25,
"fy": -551.2154,
"fz": -161.2833,
"origX":   -0.258,
"origY":  -1.0829,
"origZ":  -1.9677,
"colorb": "#E6194B" 
},
{
 "id": "C019",
"label": "C019",
"size":       18,
"meta": "control",
"fx":   -847.9,
"fy": -279.2246,
"fz":  152.345,
"origX":  -2.7832,
"origY":  0.68504,
"origZ": -0.08593,
"colorb": "#E6194B" 
},
{
 "id": "C020",
"label": "C020",
"size":       18,
"meta": "control",
"fx":  -634.25,
"fy": -747.6769,
"fz": 36.18833,
"origX":   -1.074,
"origY":  -2.3599,
"origZ": -0.78287,
"colorb": "#E6194B" 
},
{
 "id": "C021",
"label": "C021",
"size":       18,
"meta": "control",
"fx": -883.6125,
"fy": -592.7692,
"fz":  -118.25,
"origX":  -3.0689,
"origY":   -1.353,
"origZ":  -1.7095,
"colorb": "#E6194B" 
},
{
 "id": "C022",
"label": "C022",
"size":       18,
"meta": "control",
"fx":   -629.5,
"fy":   -698.8,
"fz": -75.21667,
"origX":   -1.036,
"origY":  -2.0422,
"origZ":  -1.4513,
"colorb": "#E6194B" 
},
{
 "id": "C024",
"label": "C024",
"size":       18,
"meta": "control",
"fx": -702.275,
"fy": -190.0462,
"fz": 151.6485,
"origX":  -1.6182,
"origY":   1.2647,
"origZ": -0.090109,
"colorb": "#E6194B" 
},
{
 "id": "C026",
"label": "C026",
"size":       18,
"meta": "control",
"fx": -807.275,
"fy": -457.6769,
"fz":   -232.6,
"origX":  -2.4582,
"origY":  -0.4749,
"origZ":  -2.3956,
"colorb": "#E6194B" 
},
{
 "id": "C028",
"label": "C028",
"size":       18,
"meta": "control",
"fx":  -575.73,
"fy": -326.2708,
"fz":    -45.8,
"origX": -0.60584,
"origY":  0.37924,
"origZ":  -1.2748,
"colorb": "#E6194B" 
},
{
 "id": "C029",
"label": "C029",
"size":       18,
"meta": "control",
"fx": -743.675,
"fy": -357.9477,
"fz": 248.8567,
"origX":  -1.9494,
"origY":  0.17334,
"origZ":  0.49314,
"colorb": "#E6194B" 
},
{
 "id": "C030",
"label": "C030",
"size":       18,
"meta": "control",
"fx": -786.675,
"fy": -350.4215,
"fz": 39.88333,
"origX":  -2.2934,
"origY":  0.22226,
"origZ":  -0.7607,
"colorb": "#E6194B" 
},
{
 "id": "C031",
"label": "C031",
"size":       18,
"meta": "control",
"fx": -686.4625,
"fy": 31.24615,
"fz":   351.05,
"origX":  -1.4917,
"origY":   2.7031,
"origZ":   1.1063,
"colorb": "#E6194B" 
},
{
 "id": "C032",
"label": "C032",
"size":       18,
"meta": "control",
"fx": -834.8625,
"fy": -254.3508,
"fz": 179.4523,
"origX":  -2.6789,
"origY":  0.84672,
"origZ": 0.076714,
"colorb": "#E6194B" 
},
{
 "id": "C033",
"label": "C033",
"size":       18,
"meta": "control",
"fx": -651.925,
"fy": -408.4262,
"fz":   -30.95,
"origX":  -1.2154,
"origY": -0.15477,
"origZ":  -1.1857,
"colorb": "#E6194B" 
},
{
 "id": "C034",
"label": "C034",
"size":       18,
"meta": "control",
"fx": -584.6925,
"fy": -229.2462,
"fz": -119.6833,
"origX": -0.67754,
"origY":   1.0099,
"origZ":  -1.7181,
"colorb": "#E6194B" 
},
{
 "id": "P002",
"label": "P002",
"size":       18,
"meta": "patient",
"fx": -205.3375,
"fy": 118.4154,
"fz": 171.4075,
"origX":   2.3573,
"origY":   3.2697,
"origZ": 0.028445,
"colorb": "#3CB44B" 
},
{
 "id": "P012",
"label": "P012",
"size":       18,
"meta": "patient",
"fx": -239.1125,
"fy": -543.3538,
"fz":   445.95,
"origX":   2.0871,
"origY":  -1.0318,
"origZ":   1.6757,
"colorb": "#3CB44B" 
},
{
 "id": "P014",
"label": "P014",
"size":       18,
"meta": "patient",
"fx": -343.4125,
"fy": -269.0338,
"fz": 422.8667,
"origX":   1.2527,
"origY":  0.75128,
"origZ":   1.5372,
"colorb": "#3CB44B" 
},
{
 "id": "P027",
"label": "P027",
"size":       18,
"meta": "patient",
"fx": -484.0188,
"fy": -524.2677,
"fz": 230.7883,
"origX":  0.12785,
"origY": -0.90774,
"origZ":  0.38473,
"colorb": "#3CB44B" 
},
{
 "id": "P034",
"label": "P034",
"size":       18,
"meta": "patient",
"fx": -304.7375,
"fy": -471.5908,
"fz": 212.6817,
"origX":   1.5621,
"origY": -0.56534,
"origZ":  0.27609,
"colorb": "#3CB44B" 
},
{
 "id": "P037",
"label": "P037",
"size":       18,
"meta": "patient",
"fx": -561.3663,
"fy": -257.3462,
"fz": -264.6333,
"origX": -0.49093,
"origY":  0.82725,
"origZ":  -2.5878,
"colorb": "#3CB44B" 
},
{
 "id": "P038",
"label": "P038",
"size":       18,
"meta": "patient",
"fx":  -275.25,
"fy": -667.3077,
"fz": 357.8333,
"origX":    1.798,
"origY":  -1.8375,
"origZ":    1.147,
"colorb": "#3CB44B" 
},
{
 "id": "P041",
"label": "P041",
"size":       18,
"meta": "patient",
"fx":   -1.775,
"fy": -575.9077,
"fz": 205.0317,
"origX":   3.9858,
"origY":  -1.2434,
"origZ":  0.23019,
"colorb": "#3CB44B" 
},
{
 "id": "P042",
"label": "P042",
"size":       18,
"meta": "patient",
"fx": -469.5025,
"fy": -671.5385,
"fz": 219.0517,
"origX":  0.24398,
"origY":   -1.865,
"origZ":  0.31431,
"colorb": "#3CB44B" 
},
{
 "id": "P049",
"label": "P049",
"size":       18,
"meta": "patient",
"fx": -550.5888,
"fy": -532.8785,
"fz": 287.7233,
"origX": -0.40471,
"origY": -0.96371,
"origZ":  0.72634,
"colorb": "#3CB44B" 
},
{
 "id": "P056",
"label": "P056",
"size":       18,
"meta": "patient",
"fx": -400.6325,
"fy": -692.7692,
"fz": 210.1667,
"origX":  0.79494,
"origY":   -2.003,
"origZ":    0.261,
"colorb": "#3CB44B" 
},
{
 "id": "P058",
"label": "P058",
"size":       18,
"meta": "patient",
"fx": -321.025,
"fy": -521.4354,
"fz": -112.9167,
"origX":   1.4318,
"origY": -0.88933,
"origZ":  -1.6775,
"colorb": "#3CB44B" 
},
{
 "id": "P060",
"label": "P060",
"size":       18,
"meta": "patient",
"fx": -338.7875,
"fy":  -522.54,
"fz": 349.2667,
"origX":   1.2897,
"origY": -0.89651,
"origZ":   1.0956,
"colorb": "#3CB44B" 
},
{
 "id": "P064",
"label": "P064",
"size":       18,
"meta": "patient",
"fx": -208.6875,
"fy": -599.1692,
"fz":   415.25,
"origX":   2.3305,
"origY":  -1.3946,
"origZ":   1.4915,
"colorb": "#3CB44B" 
},
{
 "id": "P065",
"label": "P065",
"size":       18,
"meta": "patient",
"fx":   -258.5,
"fy": -199.4769,
"fz":      357,
"origX":    1.932,
"origY":   1.2034,
"origZ":    1.142,
"colorb": "#3CB44B" 
},
{
 "id": "P070",
"label": "P070",
"size":       18,
"meta": "patient",
"fx": -386.8562,
"fy": -466.8415,
"fz": 275.3083,
"origX":  0.90515,
"origY": -0.53447,
"origZ":  0.65185,
"colorb": "#3CB44B" 
},
{
 "id": "P080",
"label": "P080",
"size":       18,
"meta": "patient",
"fx": 567.3375,
"fy": -25.89231,
"fz":   -780.4,
"origX":   8.5387,
"origY":   2.3317,
"origZ":  -5.6824,
"colorb": "#3CB44B" 
},
{
 "id": "P085",
"label": "P085",
"size":       18,
"meta": "patient",
"fx": -259.6125,
"fy": -883.8769,
"fz": 440.0833,
"origX":   1.9231,
"origY":  -3.2452,
"origZ":   1.6405,
"colorb": "#3CB44B" 
},
{
 "id": "P086",
"label": "P086",
"size":       18,
"meta": "patient",
"fx": -422.6175,
"fy": -231.2892,
"fz": 702.6333,
"origX":  0.61906,
"origY":  0.99662,
"origZ":   3.2158,
"colorb": "#3CB44B" 
},
{
 "id": "P089",
"label": "P089",
"size":       18,
"meta": "patient",
"fx": -278.7125,
"fy": -491.3462,
"fz":      483,
"origX":   1.7703,
"origY": -0.69375,
"origZ":    1.898,
"colorb": "#3CB44B" 
},
{
 "id": "P092",
"label": "P092",
"size":       18,
"meta": "patient",
"fx": -441.0188,
"fy": -475.2446,
"fz":   124.47,
"origX":  0.47185,
"origY": -0.58909,
"origZ": -0.25318,
"colorb": "#3CB44B" 
},
{
 "id": "P099",
"label": "P099",
"size":       18,
"meta": "patient",
"fx":  -764.35,
"fy": -352.4785,
"fz": 267.6417,
"origX":  -2.1148,
"origY":  0.20889,
"origZ":  0.60585,
"colorb": "#3CB44B" 
},
{
 "id": "P113",
"label": "P113",
"size":       18,
"meta": "patient",
"fx": -309.075,
"fy": 709.0154,
"fz": 313.7033,
"origX":   1.5274,
"origY":   7.1086,
"origZ":  0.88222,
"colorb": "#3CB44B" 
},
{
 "id": "P013b",
"label": "P013b",
"size":       18,
"meta": "patient",
"fx":    0.675,
"fy": -461.1923,
"fz": 300.1767,
"origX":   4.0054,
"origY": -0.49775,
"origZ":  0.80106,
"colorb": "#3CB44B" 
},
{
 "id": "P100b",
"label": "P100b",
"size":       18,
"meta": "patient",
"fx": -492.7716,
"fy": -231.6354,
"fz": 801.3667,
"origX": 0.057827,
"origY":  0.99437,
"origZ":   3.8082,
"colorb": "#3CB44B" 
} 
],
"meta": [ "control", "control", "control", "control", "control", "control", "control", "control", "control", "control", "control", "control", "control", "control", "control", "control", "control", "control", "control", "control", "control", "control", "control", "control", "control", "patient", "patient", "patient", "patient", "patient", "patient", "patient", "patient", "patient", "patient", "patient", "patient", "patient", "patient", "patient", "patient", "patient", "patient", "patient", "patient", "patient", "patient", "patient", "patient", "patient" ],
"loading": [
 {
 "id": "Bin.9.98",
"label": "Bin.9.98",
"size":       24,
"opacity":     0.31,
"fx": 278.0222,
"fy": -528.358,
"fz": 7.058333,
"origX": 0.0014561,
"origY": -0.0056716,
"origZ": 0.0021175,
"seedArr": "notSeed",
"colorb": "#FCF4DD",
"colorw": "#FCF4DD" 
},
{
 "id": "Bin.9.94",
"label": "Bin.9.94",
"size":       24,
"opacity":     0.31,
"fx": 292.8673,
"fy": -508.1255,
"fz": 12.53933,
"origX": 0.0055385,
"origY": -0.0016251,
"origZ": 0.0037618,
"seedArr": "notSeed",
"colorb": "#FCF4DC",
"colorw": "#FCF4DC" 
},
{
 "id": "Bin.9.90",
"label": "Bin.9.90",
"size":       24,
"opacity":     0.32,
"fx": 279.5825,
"fy": -532.156,
"fz": 14.96133,
"origX": 0.0018852,
"origY": -0.0064312,
"origZ": 0.0044884,
"seedArr": "notSeed",
"colorb": "#FCF4DB",
"colorw": "#FCF4DB" 
},
{
 "id": "Bin.9.86",
"label": "Bin.9.86",
"size":       24,
"opacity":     0.31,
"fx": 282.6171,
"fy": -528.8875,
"fz": 13.75067,
"origX": 0.0027197,
"origY": -0.0057775,
"origZ": 0.0041252,
"seedArr": "notSeed",
"colorb": "#FCF4DB",
"colorw": "#FCF4DB" 
},
{
 "id": "Bin.9.82",
"label": "Bin.9.82",
"size":       24,
"opacity":     0.31,
"fx": 285.6247,
"fy": -524.8165,
"fz": 2.561033,
"origX": 0.0035468,
"origY": -0.0049633,
"origZ": 0.00076831,
"seedArr": "notSeed",
"colorb": "#FCF4DD",
"colorw": "#FCF4DD" 
},
{
 "id": "Bin.9.78",
"label": "Bin.9.78",
"size":       24,
"opacity":      0.3,
"fx": 273.2433,
"fy": -486.0345,
"fz":   18.107,
"origX": 0.00014191,
"origY": 0.0027931,
"origZ": 0.0054321,
"seedArr": "notSeed",
"colorb": "#FCF4DE",
"colorw": "#FCF4DE" 
},
{
 "id": "Bin.9.74",
"label": "Bin.9.74",
"size":       24,
"opacity":      0.3,
"fx": 281.3549,
"fy":  -523.65,
"fz": 2.566133,
"origX": 0.0023726,
"origY": -0.00473,
"origZ": 0.00076984,
"seedArr": "notSeed",
"colorb": "#FCF5DF",
"colorw": "#FCF5DF" 
},
{
 "id": "Bin.9.70",
"label": "Bin.9.70",
"size":       24,
"opacity":     0.34,
"fx": 296.5455,
"fy": -499.4241,
"fz": 39.12333,
"origX":  0.00655,
"origY": 0.00011518,
"origZ": 0.011737,
"seedArr": "notSeed",
"colorb": "#FCF3D6",
"colorw": "#FCF3D6" 
},
{
 "id": "Bin.9.66",
"label": "Bin.9.66",
"size":       24,
"opacity":     0.33,
"fx": 300.7196,
"fy": -530.219,
"fz":   30.199,
"origX": 0.0076979,
"origY": -0.0060438,
"origZ": 0.0090597,
"seedArr": "notSeed",
"colorb": "#FCF4D7",
"colorw": "#FCF4D7" 
},
{
 "id": "Bin.9.62",
"label": "Bin.9.62",
"size":       24,
"opacity":     0.33,
"fx": 285.9127,
"fy": -532.5095,
"fz": 31.95333,
"origX": 0.003626,
"origY": -0.0065019,
"origZ": 0.009586,
"seedArr": "notSeed",
"colorb": "#FCF4D8",
"colorw": "#FCF4D8" 
},
{
 "id": "Bin.9.58",
"label": "Bin.9.58",
"size":       24,
"opacity":     0.32,
"fx":  304.892,
"fy": -523.517,
"fz": 18.19533,
"origX": 0.0088453,
"origY": -0.0047034,
"origZ": 0.0054586,
"seedArr": "notSeed",
"colorb": "#FCF4D9",
"colorw": "#FCF4D9" 
},
{
 "id": "Bin.9.54",
"label": "Bin.9.54",
"size":       24,
"opacity":     0.33,
"fx": 300.0535,
"fy": -513.229,
"fz":   28.165,
"origX": 0.0075147,
"origY": -0.0026458,
"origZ": 0.0084495,
"seedArr": "notSeed",
"colorb": "#FCF4D8",
"colorw": "#FCF4D8" 
},
{
 "id": "Bin.9.50",
"label": "Bin.9.50",
"size":       24,
"opacity":     0.35,
"fx":   320.12,
"fy": -540.7555,
"fz":   31.678,
"origX": 0.013033,
"origY": -0.0081511,
"origZ": 0.0095034,
"seedArr": "notSeed",
"colorb": "#FCF3D3",
"colorw": "#FCF3D3" 
},
{
 "id": "Bin.9.46",
"label": "Bin.9.46",
"size":       24,
"opacity":     0.33,
"fx": 303.4105,
"fy": -517.9845,
"fz":   32.402,
"origX": 0.0084379,
"origY": -0.0035969,
"origZ": 0.0097206,
"seedArr": "notSeed",
"colorb": "#FCF3D6",
"colorw": "#FCF3D6" 
},
{
 "id": "Bin.9.42",
"label": "Bin.9.42",
"size":       24,
"opacity":     0.35,
"fx": 316.2291,
"fy": -543.529,
"fz": 44.41667,
"origX": 0.011963,
"origY": -0.0087058,
"origZ": 0.013325,
"seedArr": "notSeed",
"colorb": "#FCF3D2",
"colorw": "#FCF3D2" 
},
{
 "id": "Bin.9.38",
"label": "Bin.9.38",
"size":       24,
"opacity":     0.36,
"fx": 313.5491,
"fy": -532.229,
"fz":    58.67,
"origX": 0.011226,
"origY": -0.0064458,
"origZ": 0.017601,
"seedArr": "notSeed",
"colorb": "#FCF3D0",
"colorw": "#FCF3D0" 
},
{
 "id": "Bin.9.34",
"label": "Bin.9.34",
"size":       24,
"opacity":     0.37,
"fx": 310.5418,
"fy": -538.034,
"fz":    67.51,
"origX": 0.010399,
"origY": -0.0076068,
"origZ": 0.020253,
"seedArr": "notSeed",
"colorb": "#FCF2CD",
"colorw": "#FCF2CD" 
},
{
 "id": "Bin.9.30",
"label": "Bin.9.30",
"size":       24,
"opacity":     0.37,
"fx": 275.4123,
"fy": -526.3755,
"fz":    81.38,
"origX": 0.00073838,
"origY": -0.0052751,
"origZ": 0.024414,
"seedArr": "notSeed",
"colorb": "#FCF2CC",
"colorw": "#FCF2CC" 
},
{
 "id": "Bin.9.26",
"label": "Bin.9.26",
"size":       24,
"opacity":     0.32,
"fx": 274.7974,
"fy": -519.4725,
"fz": 34.90667,
"origX": 0.00056928,
"origY": -0.0038945,
"origZ": 0.010472,
"seedArr": "notSeed",
"colorb": "#FCF4D9",
"colorw": "#FCF4D9" 
},
{
 "id": "Bin.9.22",
"label": "Bin.9.22",
"size":       24,
"opacity":     0.39,
"fx": 334.3891,
"fy": -545.7325,
"fz": 65.07667,
"origX": 0.016957,
"origY": -0.0091465,
"origZ": 0.019523,
"seedArr": "notSeed",
"colorb": "#FDF2C8",
"colorw": "#FDF2C8" 
},
{
 "id": "Bin.9.18",
"label": "Bin.9.18",
"size":       24,
"opacity":      0.4,
"fx": 336.4109,
"fy": -563.015,
"fz": 62.97333,
"origX": 0.017513,
"origY": -0.012603,
"origZ": 0.018892,
"seedArr": "notSeed",
"colorb": "#FDF1C6",
"colorw": "#FDF1C6" 
},
{
 "id": "Bin.9.14",
"label": "Bin.9.14",
"size":       24,
"opacity":     0.54,
"fx": 219.6291,
"fy":  -776.89,
"fz": -26.50333,
"origX": -0.014602,
"origY": -0.055378,
"origZ": -0.007951,
"seedArr": "notSeed",
"colorb": "#FEEDA1",
"colorw": "#FEEDA1" 
},
{
 "id": "Bin.9.10",
"label": "Bin.9.10",
"size":       24,
"opacity":     0.39,
"fx": 287.7127,
"fy":  -633.53,
"fz": 27.59133,
"origX": 0.004121,
"origY": -0.026706,
"origZ": 0.0082774,
"seedArr": "notSeed",
"colorb": "#FDF2C7",
"colorw": "#FDF2C7" 
},
{
 "id": "Bin.9.06",
"label": "Bin.9.06",
"size":       24,
"opacity":     0.38,
"fx": 269.3248,
"fy": -609.175,
"fz": 48.54667,
"origX": -0.00093567,
"origY": -0.021835,
"origZ": 0.014564,
"seedArr": "notSeed",
"colorb": "#FCF2CA",
"colorw": "#FCF2CA" 
},
{
 "id": "Bin.9.02",
"label": "Bin.9.02",
"size":       24,
"opacity":     0.42,
"fx": 319.9309,
"fy": -608.305,
"fz":    68.35,
"origX": 0.012981,
"origY": -0.021661,
"origZ": 0.020505,
"seedArr": "notSeed",
"colorb": "#FDF1C0",
"colorw": "#FDF1C0" 
},
{
 "id": "Bin.8.98",
"label": "Bin.8.98",
"size":       24,
"opacity":     0.38,
"fx":  285.988,
"fy": -504.8867,
"fz": 85.89333,
"origX": 0.0036467,
"origY": -0.00097734,
"origZ": 0.025768,
"seedArr": "notSeed",
"colorb": "#FCF2CB",
"colorw": "#FCF2CB" 
},
{
 "id": "Bin.8.94",
"label": "Bin.8.94",
"size":       24,
"opacity":     0.46,
"fx": 351.7127,
"fy":  -578.72,
"fz": 100.7767,
"origX": 0.021721,
"origY": -0.015744,
"origZ": 0.030233,
"seedArr": "notSeed",
"colorb": "#FDF0B7",
"colorw": "#FDF0B7" 
},
{
 "id": "Bin.8.90",
"label": "Bin.8.90",
"size":       24,
"opacity":     0.38,
"fx": 291.0098,
"fy": -540.436,
"fz": 81.78333,
"origX": 0.0050277,
"origY": -0.0080872,
"origZ": 0.024535,
"seedArr": "notSeed",
"colorb": "#FCF2CA",
"colorw": "#FCF2CA" 
},
{
 "id": "Bin.8.86",
"label": "Bin.8.86",
"size":       24,
"opacity":     0.55,
"fx": 269.0709,
"fy": -789.745,
"fz": 37.21333,
"origX": -0.0010055,
"origY": -0.057949,
"origZ": 0.011164,
"seedArr": "notSeed",
"colorb": "#FEEA9E",
"colorw": "#FEEA9E" 
},
{
 "id": "Bin.8.82",
"label": "Bin.8.82",
"size":       24,
"opacity":      0.6,
"fx": 234.4873,
"fy":  -825.86,
"fz": -23.47767,
"origX": -0.010516,
"origY": -0.065172,
"origZ": -0.0070433,
"seedArr": "notSeed",
"colorb": "#FCCA86",
"colorw": "#FCCA86" 
},
{
 "id": "Bin.8.78",
"label": "Bin.8.78",
"size":       24,
"opacity":     0.47,
"fx": 349.8182,
"fy": -613.515,
"fz":   101.42,
"origX":   0.0212,
"origY": -0.022703,
"origZ": 0.030426,
"seedArr": "notSeed",
"colorb": "#FEEFB4",
"colorw": "#FEEFB4" 
},
{
 "id": "Bin.8.74",
"label": "Bin.8.74",
"size":       24,
"opacity":     0.53,
"fx": 390.6982,
"fy": -588.145,
"fz": 133.8333,
"origX": 0.032442,
"origY": -0.017629,
"origZ":  0.04015,
"seedArr": "notSeed",
"colorb": "#FEEDA6",
"colorw": "#FEEDA6" 
},
{
 "id": "Bin.8.70",
"label": "Bin.8.70",
"size":       24,
"opacity":     0.52,
"fx": 386.4764,
"fy":  -566.27,
"fz":   135.99,
"origX": 0.031281,
"origY": -0.013254,
"origZ": 0.040797,
"seedArr": "notSeed",
"colorb": "#FEEEA7",
"colorw": "#FEEEA7" 
},
{
 "id": "Bin.8.66",
"label": "Bin.8.66",
"size":       24,
"opacity":     0.45,
"fx": 349.1782,
"fy":   -563.6,
"fz": 103.1467,
"origX": 0.021024,
"origY": -0.01272,
"origZ": 0.030944,
"seedArr": "notSeed",
"colorb": "#FDF0B9",
"colorw": "#FDF0B9" 
},
{
 "id": "Bin.8.62",
"label": "Bin.8.62",
"size":       24,
"opacity":      0.5,
"fx": 372.7964,
"fy":  -591.67,
"fz": 117.4467,
"origX": 0.027519,
"origY": -0.018334,
"origZ": 0.035234,
"seedArr": "notSeed",
"colorb": "#FEEEAB",
"colorw": "#FEEEAB" 
},
{
 "id": "Bin.8.58",
"label": "Bin.8.58",
"size":       24,
"opacity":     0.45,
"fx": 344.8509,
"fy":  -573.41,
"fz": 101.6867,
"origX": 0.019834,
"origY": -0.014682,
"origZ": 0.030506,
"seedArr": "notSeed",
"colorb": "#FDF0B9",
"colorw": "#FDF0B9" 
},
{
 "id": "Bin.8.54",
"label": "Bin.8.54",
"size":       24,
"opacity":     0.51,
"fx": 129.0509,
"fy": -633.285,
"fz": -55.20667,
"origX": -0.039511,
"origY": -0.026657,
"origZ": -0.016562,
"seedArr": "notSeed",
"colorb": "#FEEEAA",
"colorw": "#FEEEAA" 
},
{
 "id": "Bin.8.50",
"label": "Bin.8.50",
"size":       24,
"opacity":     0.42,
"fx": 276.2063,
"fy":  -629.94,
"fz": 62.03667,
"origX": 0.00095672,
"origY": -0.025988,
"origZ": 0.018611,
"seedArr": "notSeed",
"colorb": "#FDF1C1",
"colorw": "#FDF1C1" 
},
{
 "id": "Bin.8.46",
"label": "Bin.8.46",
"size":       24,
"opacity":     0.35,
"fx": 287.7251,
"fy": -499.5726,
"fz": 69.36667,
"origX": 0.0041244,
"origY": 8.5477e-05,
"origZ":  0.02081,
"seedArr": "notSeed",
"colorb": "#FCF3D2",
"colorw": "#FCF3D2" 
},
{
 "id": "Bin.8.42",
"label": "Bin.8.42",
"size":       24,
"opacity":     0.58,
"fx": 386.6545,
"fy":  -569.46,
"fz":   178.97,
"origX":  0.03133,
"origY": -0.013892,
"origZ": 0.053691,
"seedArr": "notSeed",
"colorb": "#FDD68F",
"colorw": "#FDD68F" 
},
{
 "id": "Bin.8.38",
"label": "Bin.8.38",
"size":       24,
"opacity":     0.59,
"fx": 380.7091,
"fy": -509.128,
"fz":   191.28,
"origX": 0.029695,
"origY": -0.0018256,
"origZ": 0.057384,
"seedArr": "notSeed",
"colorb": "#FCD38D",
"colorw": "#FCD38D" 
},
{
 "id": "Bin.8.34",
"label": "Bin.8.34",
"size":       24,
"opacity":      0.5,
"fx": 322.1455,
"fy": -480.5835,
"fz": 151.9567,
"origX":  0.01359,
"origY": 0.0038833,
"origZ": 0.045587,
"seedArr": "notSeed",
"colorb": "#FEEEAD",
"colorw": "#FEEEAD" 
},
{
 "id": "Bin.8.30",
"label": "Bin.8.30",
"size":       24,
"opacity":     0.57,
"fx": 361.8655,
"fy": -557.625,
"fz": 182.1967,
"origX": 0.024513,
"origY": -0.011525,
"origZ": 0.054659,
"seedArr": "notSeed",
"colorb": "#FDDD95",
"colorw": "#FDDD95" 
},
{
 "id": "Bin.8.26",
"label": "Bin.8.26",
"size":       24,
"opacity":     0.58,
"fx":   368.24,
"fy": -525.608,
"fz": 192.8067,
"origX": 0.026266,
"origY": -0.0051216,
"origZ": 0.057842,
"seedArr": "notSeed",
"colorb": "#FCD48E",
"colorw": "#FCD48E" 
},
{
 "id": "Bin.8.22",
"label": "Bin.8.22",
"size":       24,
"opacity":     0.51,
"fx": 304.6811,
"fy":  -421.62,
"fz": 159.8967,
"origX": 0.0087873,
"origY": 0.015676,
"origZ": 0.047969,
"seedArr": "notSeed",
"colorb": "#FEEEA9",
"colorw": "#FEEEA9" 
},
{
 "id": "Bin.8.18",
"label": "Bin.8.18",
"size":       24,
"opacity":     0.38,
"fx": 218.9418,
"fy":  -441.36,
"fz": 56.46333,
"origX": -0.014791,
"origY": 0.011728,
"origZ": 0.016939,
"seedArr": "notSeed",
"colorb": "#FCF2CC",
"colorw": "#FCF2CC" 
},
{
 "id": "Bin.8.14",
"label": "Bin.8.14",
"size":       24,
"opacity":     0.54,
"fx": 372.5345,
"fy": -527.3835,
"fz":   163.47,
"origX": 0.027447,
"origY": -0.0054767,
"origZ": 0.049041,
"seedArr": "notSeed",
"colorb": "#FEEDA3",
"colorw": "#FEEDA3" 
},
{
 "id": "Bin.8.10",
"label": "Bin.8.10",
"size":       24,
"opacity":     0.48,
"fx": 289.1305,
"fy": -650.895,
"fz": 107.6767,
"origX": 0.0045109,
"origY": -0.030179,
"origZ": 0.032303,
"seedArr": "notSeed",
"colorb": "#FEEFB2",
"colorw": "#FEEFB2" 
},
{
 "id": "Bin.8.06",
"label": "Bin.8.06",
"size":       24,
"opacity":     0.44,
"fx": 293.6895,
"fy": -579.665,
"fz":   109.05,
"origX": 0.0057646,
"origY": -0.015933,
"origZ": 0.032715,
"seedArr": "notSeed",
"colorb": "#FDF0BB",
"colorw": "#FDF0BB" 
},
{
 "id": "Bin.8.02",
"label": "Bin.8.02",
"size":       24,
"opacity":     0.39,
"fx": 240.2698,
"fy": -467.562,
"fz": 81.25333,
"origX": -0.0089258,
"origY": 0.0064876,
"origZ": 0.024376,
"seedArr": "notSeed",
"colorb": "#FDF2C9",
"colorw": "#FDF2C9" 
},
{
 "id": "Bin.7.98",
"label": "Bin.7.98",
"size":       24,
"opacity":     0.32,
"fx": 245.0051,
"fy": -468.7295,
"fz": 5.811333,
"origX": -0.0076236,
"origY": 0.0062541,
"origZ": 0.0017434,
"seedArr": "notSeed",
"colorb": "#FCF4DA",
"colorw": "#FCF4DA" 
},
{
 "id": "Bin.7.94",
"label": "Bin.7.94",
"size":       24,
"opacity":     0.36,
"fx": 213.1891,
"fy": -558.065,
"fz": 35.26333,
"origX": -0.016373,
"origY": -0.011613,
"origZ": 0.010579,
"seedArr": "notSeed",
"colorb": "#FCF2CF",
"colorw": "#FCF2CF" 
},
{
 "id": "Bin.7.90",
"label": "Bin.7.90",
"size":       24,
"opacity":     0.35,
"fx":    323.6,
"fy":  -419.45,
"fz": 3.530333,
"origX":  0.01399,
"origY":  0.01611,
"origZ": 0.0010591,
"seedArr": "notSeed",
"colorb": "#FCF3D1",
"colorw": "#FCF3D1" 
},
{
 "id": "Bin.7.86",
"label": "Bin.7.86",
"size":       24,
"opacity":     0.78,
"fx": -396.1818,
"fy": -635.325,
"fz":   -750.5,
"origX": -0.18395,
"origY": -0.027065,
"origZ": -0.22515,
"seedArr": "notSeed",
"colorb": "#F14B2B",
"colorw": "#F14B2B" 
},
{
 "id": "Bin.7.82",
"label": "Bin.7.82",
"size":       24,
"opacity":     0.79,
"fx": -524.6182,
"fy": -756.585,
"fz": -970.8333,
"origX": -0.21927,
"origY": -0.051317,
"origZ": -0.29125,
"seedArr": "notSeed",
"colorb": "#F04225",
"colorw": "#F04225" 
},
{
 "id": "Bin.7.78",
"label": "Bin.7.78",
"size":       24,
"opacity":      0.4,
"fx": 336.2618,
"fy": -541.6415,
"fz": 71.92333,
"origX": 0.017472,
"origY": -0.0083283,
"origZ": 0.021577,
"seedArr": "notSeed",
"colorb": "#FDF1C5",
"colorw": "#FDF1C5" 
},
{
 "id": "Bin.7.74",
"label": "Bin.7.74",
"size":       24,
"opacity":     0.34,
"fx": 296.2691,
"fy": -486.204,
"fz": 41.49667,
"origX": 0.006474,
"origY": 0.0027592,
"origZ": 0.012449,
"seedArr": "notSeed",
"colorb": "#FCF3D5",
"colorw": "#FCF3D5" 
},
{
 "id": "Bin.7.70",
"label": "Bin.7.70",
"size":       24,
"opacity":     0.36,
"fx": 248.0051,
"fy": -482.289,
"fz":    69.28,
"origX": -0.0067986,
"origY": 0.0035422,
"origZ": 0.020784,
"seedArr": "notSeed",
"colorb": "#FCF3CF",
"colorw": "#FCF3CF" 
},
{
 "id": "Bin.7.66",
"label": "Bin.7.66",
"size":       24,
"opacity":     0.75,
"fx": -170.2182,
"fy":  -563.64,
"fz": -497.6667,
"origX": -0.12181,
"origY": -0.012728,
"origZ":  -0.1493,
"seedArr": "notSeed",
"colorb": "#F3603B",
"colorw": "#F3603B" 
},
{
 "id": "Bin.7.62",
"label": "Bin.7.62",
"size":       24,
"opacity":     0.75,
"fx": -160.8364,
"fy":  -756.64,
"fz":   -522.3,
"origX": -0.11923,
"origY": -0.051328,
"origZ": -0.15669,
"seedArr": "notSeed",
"colorb": "#F35E39",
"colorw": "#F35E39" 
},
{
 "id": "Bin.7.58",
"label": "Bin.7.58",
"size":       24,
"opacity":     0.77,
"fx": -270.9091,
"fy":  -763.89,
"fz": -637.6667,
"origX":  -0.1495,
"origY": -0.052778,
"origZ":  -0.1913,
"seedArr": "notSeed",
"colorb": "#F15230",
"colorw": "#F15230" 
},
{
 "id": "Bin.7.54",
"label": "Bin.7.54",
"size":       24,
"opacity":     0.79,
"fx": -561.6727,
"fy":   -793.1,
"fz": -935.0333,
"origX": -0.22946,
"origY": -0.05862,
"origZ": -0.28051,
"seedArr": "notSeed",
"colorb": "#F04326",
"colorw": "#F04326" 
},
{
 "id": "Bin.7.50",
"label": "Bin.7.50",
"size":       24,
"opacity":     0.41,
"fx": 252.6462,
"fy":  -656.58,
"fz":  -1.0814,
"origX": -0.0055223,
"origY": -0.031316,
"origZ": -0.00032442,
"seedArr": "notSeed",
"colorb": "#FDF1C3",
"colorw": "#FDF1C3" 
},
{
 "id": "Bin.7.46",
"label": "Bin.7.46",
"size":       24,
"opacity":     0.43,
"fx": 362.2545,
"fy": -606.155,
"fz": 13.50633,
"origX":  0.02462,
"origY": -0.021231,
"origZ": 0.0040519,
"seedArr": "notSeed",
"colorb": "#FDF0BF",
"colorw": "#FDF0BF" 
},
{
 "id": "Bin.7.42",
"label": "Bin.7.42",
"size":       24,
"opacity":     0.57,
"fx": 371.7164,
"fy": -483.1395,
"fz": -180.5233,
"origX": 0.027222,
"origY": 0.0033721,
"origZ": -0.054157,
"seedArr": "notSeed",
"colorb": "#FEE197",
"colorw": "#FEE197" 
},
{
 "id": "Bin.7.38",
"label": "Bin.7.38",
"size":       24,
"opacity":     0.46,
"fx": 332.0618,
"fy": -541.205,
"fz": -121.6767,
"origX": 0.016317,
"origY": -0.008241,
"origZ": -0.036503,
"seedArr": "notSeed",
"colorb": "#FDEFB7",
"colorw": "#FDEFB7" 
},
{
 "id": "Bin.7.34",
"label": "Bin.7.34",
"size":       24,
"opacity":     0.57,
"fx": 374.7636,
"fy": -450.3545,
"fz": -185.3033,
"origX":  0.02806,
"origY": 0.0099291,
"origZ": -0.055591,
"seedArr": "notSeed",
"colorb": "#FDDC93",
"colorw": "#FDDC93" 
},
{
 "id": "Bin.7.30",
"label": "Bin.7.30",
"size":       24,
"opacity":     0.56,
"fx": 175.8545,
"fy":  -563.13,
"fz":  -176.89,
"origX": -0.02664,
"origY": -0.012626,
"origZ": -0.053067,
"seedArr": "notSeed",
"colorb": "#FEE398",
"colorw": "#FEE398" 
},
{
 "id": "Bin.7.26",
"label": "Bin.7.26",
"size":       24,
"opacity":     0.43,
"fx": 237.1484,
"fy":  -580.65,
"fz": -97.90667,
"origX": -0.0097842,
"origY": -0.01613,
"origZ": -0.029372,
"seedArr": "notSeed",
"colorb": "#FDF0BD",
"colorw": "#FDF0BD" 
},
{
 "id": "Bin.7.22",
"label": "Bin.7.22",
"size":       24,
"opacity":     0.54,
"fx": 146.2291,
"fy": -536.099,
"fz": -147.9067,
"origX": -0.034787,
"origY": -0.0072198,
"origZ": -0.044372,
"seedArr": "notSeed",
"colorb": "#FEEDA2",
"colorw": "#FEEDA2" 
},
{
 "id": "Bin.7.18",
"label": "Bin.7.18",
"size":       24,
"opacity":     0.36,
"fx": 208.9709,
"fy": -531.399,
"fz":   -36.56,
"origX": -0.017533,
"origY": -0.0062798,
"origZ": -0.010968,
"seedArr": "notSeed",
"colorb": "#FCF3D1",
"colorw": "#FCF3D1" 
},
{
 "id": "Bin.7.14",
"label": "Bin.7.14",
"size":       24,
"opacity":     0.48,
"fx": 210.2073,
"fy": -691.635,
"fz": 51.54333,
"origX": -0.017193,
"origY": -0.038327,
"origZ": 0.015463,
"seedArr": "notSeed",
"colorb": "#FEEFB0",
"colorw": "#FEEFB0" 
},
{
 "id": "Bin.7.10",
"label": "Bin.7.10",
"size":       24,
"opacity":     0.34,
"fx": 225.1164,
"fy": -539.9675,
"fz":   28.735,
"origX": -0.013093,
"origY": -0.0079935,
"origZ": 0.0086205,
"seedArr": "notSeed",
"colorb": "#FCF3D4",
"colorw": "#FCF3D4" 
},
{
 "id": "Bin.7.06",
"label": "Bin.7.06",
"size":       24,
"opacity":     0.42,
"fx": 355.3964,
"fy":  -580.39,
"fz":   -52.06,
"origX": 0.022734,
"origY": -0.016078,
"origZ": -0.015618,
"seedArr": "notSeed",
"colorb": "#FDF1C1",
"colorw": "#FDF1C1" 
},
{
 "id": "Bin.7.02",
"label": "Bin.7.02",
"size":       24,
"opacity":     0.37,
"fx": 341.1127,
"fy":  -560.22,
"fz":   18.094,
"origX": 0.018806,
"origY": -0.012044,
"origZ": 0.0054282,
"seedArr": "notSeed",
"colorb": "#FCF2CE",
"colorw": "#FCF2CE" 
},
{
 "id": "Bin.6.98",
"label": "Bin.6.98",
"size":       24,
"opacity":     0.59,
"fx": 383.2436,
"fy": -596.275,
"fz": -183.7133,
"origX": 0.030392,
"origY": -0.019255,
"origZ": -0.055114,
"seedArr": "notSeed",
"colorb": "#FCCD89",
"colorw": "#FCCD89" 
},
{
 "id": "Bin.6.94",
"label": "Bin.6.94",
"size":       24,
"opacity":     0.66,
"fx":   453.12,
"fy": -640.175,
"fz": -237.2333,
"origX": 0.049608,
"origY": -0.028035,
"origZ": -0.07117,
"seedArr": "notSeed",
"colorb": "#F89B65",
"colorw": "#F89B65" 
},
{
 "id": "Bin.6.90",
"label": "Bin.6.90",
"size":       24,
"opacity":     0.34,
"fx": 302.2815,
"fy": -551.345,
"fz": -40.84333,
"origX": 0.0081274,
"origY": -0.010269,
"origZ": -0.012253,
"seedArr": "notSeed",
"colorb": "#FCF3D4",
"colorw": "#FCF3D4" 
},
{
 "id": "Bin.6.86",
"label": "Bin.6.86",
"size":       24,
"opacity":      0.4,
"fx": 250.1698,
"fy": -649.535,
"fz": 9.584333,
"origX": -0.0062033,
"origY": -0.029907,
"origZ": 0.0028753,
"seedArr": "notSeed",
"colorb": "#FDF1C5",
"colorw": "#FDF1C5" 
},
{
 "id": "Bin.6.82",
"label": "Bin.6.82",
"size":       24,
"opacity":     0.44,
"fx": 338.1745,
"fy":  -575.08,
"fz":    90.13,
"origX": 0.017998,
"origY": -0.015016,
"origZ": 0.027039,
"seedArr": "notSeed",
"colorb": "#FDF0BC",
"colorw": "#FDF0BC" 
},
{
 "id": "Bin.6.78",
"label": "Bin.6.78",
"size":       24,
"opacity":     0.48,
"fx": 289.5745,
"fy":  -688.65,
"fz":     77.4,
"origX": 0.004633,
"origY": -0.03773,
"origZ":  0.02322,
"seedArr": "notSeed",
"colorb": "#FEEFB1",
"colorw": "#FEEFB1" 
},
{
 "id": "Bin.6.74",
"label": "Bin.6.74",
"size":       24,
"opacity":     0.51,
"fx": 322.9345,
"fy": -691.245,
"fz": 99.54667,
"origX": 0.013807,
"origY": -0.038249,
"origZ": 0.029864,
"seedArr": "notSeed",
"colorb": "#FEEEAB",
"colorw": "#FEEEAB" 
},
{
 "id": "Bin.6.70",
"label": "Bin.6.70",
"size":       24,
"opacity":      0.5,
"fx":    301.3,
"fy": -643.185,
"fz": 125.2033,
"origX": 0.0078575,
"origY": -0.028637,
"origZ": 0.037561,
"seedArr": "notSeed",
"colorb": "#FEEEAC",
"colorw": "#FEEEAC" 
},
{
 "id": "Bin.6.66",
"label": "Bin.6.66",
"size":       24,
"opacity":     0.45,
"fx": 236.6138,
"fy":  -651.03,
"fz": 81.70667,
"origX": -0.0099312,
"origY": -0.030206,
"origZ": 0.024512,
"seedArr": "notSeed",
"colorb": "#FDF0B8",
"colorw": "#FDF0B8" 
},
{
 "id": "Bin.6.62",
"label": "Bin.6.62",
"size":       24,
"opacity":     0.47,
"fx": 263.0593,
"fy": -633.795,
"fz": 116.2367,
"origX": -0.0026587,
"origY": -0.026759,
"origZ": 0.034871,
"seedArr": "notSeed",
"colorb": "#FEEFB3",
"colorw": "#FEEFB3" 
},
{
 "id": "Bin.6.58",
"label": "Bin.6.58",
"size":       24,
"opacity":     0.44,
"fx": 266.8898,
"fy": -611.605,
"fz": 100.3567,
"origX": -0.0016053,
"origY": -0.022321,
"origZ": 0.030107,
"seedArr": "notSeed",
"colorb": "#FDF0BA",
"colorw": "#FDF0BA" 
},
{
 "id": "Bin.6.54",
"label": "Bin.6.54",
"size":       24,
"opacity":     0.39,
"fx": 299.0789,
"fy":  -581.58,
"fz":     72.2,
"origX": 0.0072467,
"origY": -0.016316,
"origZ":  0.02166,
"seedArr": "notSeed",
"colorb": "#FDF2C8",
"colorw": "#FDF2C8" 
},
{
 "id": "Bin.6.50",
"label": "Bin.6.50",
"size":       24,
"opacity":     0.47,
"fx": 284.1865,
"fy": -335.805,
"fz":    97.17,
"origX": 0.0031513,
"origY": 0.032839,
"origZ": 0.029151,
"seedArr": "notSeed",
"colorb": "#FEEFB3",
"colorw": "#FEEFB3" 
},
{
 "id": "Bin.6.46",
"label": "Bin.6.46",
"size":       24,
"opacity":     0.55,
"fx": 307.7451,
"fy":  -306.57,
"fz": 142.0167,
"origX": 0.0096299,
"origY": 0.038686,
"origZ": 0.042605,
"seedArr": "notSeed",
"colorb": "#FEEC9F",
"colorw": "#FEEC9F" 
},
{
 "id": "Bin.6.42",
"label": "Bin.6.42",
"size":       24,
"opacity":     0.41,
"fx":   271.04,
"fy":  -567.17,
"fz":    94.48,
"origX": -0.000464,
"origY": -0.013434,
"origZ": 0.028344,
"seedArr": "notSeed",
"colorb": "#FDF1C3",
"colorw": "#FDF1C3" 
},
{
 "id": "Bin.6.38",
"label": "Bin.6.38",
"size":       24,
"opacity":     0.56,
"fx": 271.5072,
"fy": -259.425,
"fz": 117.5067,
"origX": -0.00033553,
"origY": 0.048115,
"origZ": 0.035252,
"seedArr": "notSeed",
"colorb": "#FEE49A",
"colorw": "#FEE49A" 
},
{
 "id": "Bin.6.34",
"label": "Bin.6.34",
"size":       24,
"opacity":     0.41,
"fx": 278.9807,
"fy": -535.354,
"fz": 103.4633,
"origX": 0.0017197,
"origY": -0.0070708,
"origZ": 0.031039,
"seedArr": "notSeed",
"colorb": "#FDF1C2",
"colorw": "#FDF1C2" 
},
{
 "id": "Bin.6.30",
"label": "Bin.6.30",
"size":       24,
"opacity":     0.49,
"fx": 243.9211,
"fy": -305.705,
"fz":    78.76,
"origX": -0.0079217,
"origY": 0.038859,
"origZ": 0.023628,
"seedArr": "notSeed",
"colorb": "#FEEEAF",
"colorw": "#FEEEAF" 
},
{
 "id": "Bin.4.38",
"label": "Bin.4.38",
"size":       24,
"opacity":     0.58,
"fx": 218.6691,
"fy":  -195.33,
"fz": -23.14467,
"origX": -0.014866,
"origY": 0.060934,
"origZ": -0.0069434,
"seedArr": "notSeed",
"colorb": "#FDDA92",
"colorw": "#FDDA92" 
},
{
 "id": "Bin.4.34",
"label": "Bin.4.34",
"size":       24,
"opacity":     0.66,
"fx": 421.9855,
"fy":  -102.59,
"fz":    29.47,
"origX": 0.041046,
"origY": 0.079482,
"origZ": 0.008841,
"seedArr": "notSeed",
"colorb": "#F89F68",
"colorw": "#F89F68" 
},
{
 "id": "Bin.4.30",
"label": "Bin.4.30",
"size":       24,
"opacity":     0.64,
"fx": 392.4036,
"fy": -199.245,
"fz": 127.8067,
"origX": 0.032911,
"origY": 0.060151,
"origZ": 0.038342,
"seedArr": "notSeed",
"colorb": "#F9AF73",
"colorw": "#F9AF73" 
},
{
 "id": "Bin.4.26",
"label": "Bin.4.26",
"size":       24,
"opacity":     0.53,
"fx": 428.3273,
"fy": -339.805,
"fz": 50.97667,
"origX":  0.04279,
"origY": 0.032039,
"origZ": 0.015293,
"seedArr": "notSeed",
"colorb": "#FEEDA4",
"colorw": "#FEEDA4" 
},
{
 "id": "Bin.4.22",
"label": "Bin.4.22",
"size":       24,
"opacity":     0.62,
"fx": 403.7309,
"fy": -200.385,
"fz": 24.21867,
"origX": 0.036026,
"origY": 0.059923,
"origZ": 0.0072656,
"seedArr": "notSeed",
"colorb": "#FBBD7D",
"colorw": "#FBBD7D" 
},
{
 "id": "Bin.4.18",
"label": "Bin.4.18",
"size":       24,
"opacity":     0.63,
"fx": 410.7382,
"fy": -187.895,
"fz":   -77.09,
"origX": 0.037953,
"origY": 0.062421,
"origZ": -0.023127,
"seedArr": "notSeed",
"colorb": "#FAB678",
"colorw": "#FAB678" 
},
{
 "id": "Bin.4.14",
"label": "Bin.4.14",
"size":       24,
"opacity":     0.69,
"fx":   461.24,
"fy":  -13.695,
"fz":   18.505,
"origX": 0.051841,
"origY": 0.097261,
"origZ": 0.0055515,
"seedArr": "notSeed",
"colorb": "#F68656",
"colorw": "#F68656" 
},
{
 "id": "Bin.4.10",
"label": "Bin.4.10",
"size":       24,
"opacity":     0.73,
"fx": 421.4327,
"fy":    271.5,
"fz": 238.5833,
"origX": 0.040894,
"origY":   0.1543,
"origZ": 0.071575,
"seedArr": "notSeed",
"colorb": "#F46B42",
"colorw": "#F46B42" 
},
{
 "id": "Bin.4.06",
"label": "Bin.4.06",
"size":       24,
"opacity":     0.79,
"fx": -558.1091,
"fy":    795.8,
"fz":    542.5,
"origX": -0.22848,
"origY":  0.25916,
"origZ":  0.16275,
"seedArr": "notSeed",
"colorb": "#F04023",
"colorw": "#F04023" 
},
{
 "id": "Bin.4.02",
"label": "Bin.4.02",
"size":       24,
"opacity":     0.71,
"fx": 211.8291,
"fy":     31.8,
"fz": 172.1033,
"origX": -0.016747,
"origY":  0.10636,
"origZ": 0.051631,
"seedArr": "notSeed",
"colorb": "#F57B4E",
"colorw": "#F57B4E" 
},
{
 "id": "Bin.4.04",
"label": "Bin.4.04",
"size":       24,
"opacity":     0.79,
"fx": -512.2182,
"fy":    907.9,
"fz":    565.7,
"origX": -0.21586,
"origY":  0.28158,
"origZ":  0.16971,
"seedArr": "notSeed",
"colorb": "#F03E22",
"colorw": "#F03E22" 
},
{
 "id": "Bin.3.98",
"label": "Bin.3.98",
"size":       24,
"opacity":     0.78,
"fx":   -502.4,
"fy": -241.495,
"fz": -793.5667,
"origX": -0.21316,
"origY": 0.051701,
"origZ": -0.23807,
"seedArr": "notSeed",
"colorb": "#F04527",
"colorw": "#F04527" 
},
{
 "id": "Bin.3.94",
"label": "Bin.3.94",
"size":       24,
"opacity":     0.71,
"fx": 308.1218,
"fy":   -36.03,
"fz":   -258.6,
"origX": 0.0097335,
"origY": 0.092794,
"origZ": -0.07758,
"seedArr": "notSeed",
"colorb": "#F5774B",
"colorw": "#F5774B" 
},
{
 "id": "Bin.3.90",
"label": "Bin.3.90",
"size":       24,
"opacity":     0.74,
"fx": 677.6364,
"fy":    133.2,
"fz": -295.4133,
"origX":  0.11135,
"origY":  0.12664,
"origZ": -0.088624,
"seedArr": "notSeed",
"colorb": "#F3643D",
"colorw": "#F3643D" 
},
{
 "id": "Bin.3.86",
"label": "Bin.3.86",
"size":       24,
"opacity":     0.73,
"fx":   595.68,
"fy":    229.2,
"fz":  -173.46,
"origX": 0.088812,
"origY":  0.14584,
"origZ": -0.052038,
"seedArr": "notSeed",
"colorb": "#F36941",
"colorw": "#F36941" 
},
{
 "id": "Bin.3.82",
"label": "Bin.3.82",
"size":       24,
"opacity":     0.75,
"fx": 490.2255,
"fy":    396.1,
"fz": -296.2133,
"origX": 0.059812,
"origY":  0.17922,
"origZ": -0.088864,
"seedArr": "notSeed",
"colorb": "#F25B37",
"colorw": "#F25B37" 
},
{
 "id": "Bin.3.78",
"label": "Bin.3.78",
"size":       24,
"opacity":     0.74,
"fx": 481.5964,
"fy":    395.3,
"fz": -116.5633,
"origX": 0.057439,
"origY":  0.17906,
"origZ": -0.034969,
"seedArr": "notSeed",
"colorb": "#F3623C",
"colorw": "#F3623C" 
},
{
 "id": "Bin.3.74",
"label": "Bin.3.74",
"size":       24,
"opacity":     0.77,
"fx": 925.4545,
"fy":    374.9,
"fz": -295.4033,
"origX":   0.1795,
"origY":  0.17498,
"origZ": -0.088621,
"seedArr": "notSeed",
"colorb": "#F1502F",
"colorw": "#F1502F" 
},
{
 "id": "Bin.3.70",
"label": "Bin.3.70",
"size":       24,
"opacity":     0.77,
"fx": 828.1818,
"fy":    482.5,
"fz": -396.9667,
"origX":  0.15275,
"origY":   0.1965,
"origZ": -0.11909,
"seedArr": "notSeed",
"colorb": "#F14E2E",
"colorw": "#F14E2E" 
},
{
 "id": "Bin.3.66",
"label": "Bin.3.66",
"size":       24,
"opacity":     0.71,
"fx": 331.7164,
"fy":     95.1,
"fz": -15.25067,
"origX": 0.016222,
"origY":  0.11902,
"origZ": -0.0045752,
"seedArr": "notSeed",
"colorb": "#F5794D",
"colorw": "#F5794D" 
},
{
 "id": "Bin.3.62",
"label": "Bin.3.62",
"size":       24,
"opacity":      0.7,
"fx": 424.5891,
"fy":   -51.33,
"fz": -182.4033,
"origX": 0.041762,
"origY": 0.089734,
"origZ": -0.054721,
"seedArr": "notSeed",
"colorb": "#F68454",
"colorw": "#F68454" 
},
{
 "id": "Bin.3.58",
"label": "Bin.3.58",
"size":       24,
"opacity":     0.72,
"fx": 194.2073,
"fy":   108.55,
"fz":     -161,
"origX": -0.021593,
"origY":  0.12171,
"origZ":  -0.0483,
"seedArr": "notSeed",
"colorb": "#F47449",
"colorw": "#F47449" 
},
{
 "id": "Bin.3.54",
"label": "Bin.3.54",
"size":       24,
"opacity":     0.76,
"fx": 767.6364,
"fy":   181.05,
"fz":   -479.3,
"origX":   0.1361,
"origY":  0.13621,
"origZ": -0.14379,
"seedArr": "notSeed",
"colorb": "#F25533",
"colorw": "#F25533" 
},
{
 "id": "Bin.3.50",
"label": "Bin.3.50",
"size":       24,
"opacity":     0.77,
"fx": 910.1818,
"fy":   126.65,
"fz":   -588.9,
"origX":   0.1753,
"origY":  0.12533,
"origZ": -0.17667,
"seedArr": "notSeed",
"colorb": "#F14C2C",
"colorw": "#F14C2C" 
},
{
 "id": "Bin.3.46",
"label": "Bin.3.46",
"size":       24,
"opacity":     0.78,
"fx": 900.1091,
"fy":    273.9,
"fz": -613.8667,
"origX":  0.17253,
"origY":  0.15478,
"origZ": -0.18416,
"seedArr": "notSeed",
"colorb": "#F1492A",
"colorw": "#F1492A" 
},
{
 "id": "Bin.3.42",
"label": "Bin.3.42",
"size":       24,
"opacity":     0.78,
"fx": 923.3818,
"fy":   381.45,
"fz": -637.6667,
"origX":  0.17893,
"origY":  0.17629,
"origZ":  -0.1913,
"seedArr": "notSeed",
"colorb": "#F14729",
"colorw": "#F14729" 
},
{
 "id": "Bin.3.38",
"label": "Bin.3.38",
"size":       24,
"opacity":     0.72,
"fx": 540.6218,
"fy":  -12.195,
"fz": -180.7933,
"origX": 0.073671,
"origY": 0.097561,
"origZ": -0.054238,
"seedArr": "notSeed",
"colorb": "#F47247",
"colorw": "#F47247" 
},
{
 "id": "Bin.3.34",
"label": "Bin.3.34",
"size":       24,
"opacity":     0.63,
"fx": 205.6691,
"fy": -139.635,
"fz": -66.85667,
"origX": -0.018441,
"origY": 0.072073,
"origZ": -0.020057,
"seedArr": "notSeed",
"colorb": "#FAB477",
"colorw": "#FAB477" 
},
{
 "id": "Bin.3.30",
"label": "Bin.3.30",
"size":       24,
"opacity":     0.63,
"fx": 193.5382,
"fy": -127.245,
"fz": -39.29667,
"origX": -0.021777,
"origY": 0.074551,
"origZ": -0.011789,
"seedArr": "notSeed",
"colorb": "#F9B174",
"colorw": "#F9B174" 
},
{
 "id": "Bin.3.26",
"label": "Bin.3.26",
"size":       24,
"opacity":     0.76,
"fx":   360.28,
"fy":   238.05,
"fz": -572.3667,
"origX": 0.024077,
"origY":  0.14761,
"origZ": -0.17171,
"seedArr": "notSeed",
"colorb": "#F25734",
"colorw": "#F25734" 
},
{
 "id": "Bin.3.22",
"label": "Bin.3.22",
"size":       24,
"opacity":     0.76,
"fx": 584.5127,
"fy":    411.4,
"fz":  -204.18,
"origX": 0.085741,
"origY":  0.18228,
"origZ": -0.061254,
"seedArr": "notSeed",
"colorb": "#F25935",
"colorw": "#F25935" 
},
{
 "id": "Bin.3.18",
"label": "Bin.3.18",
"size":       24,
"opacity":     0.73,
"fx": 170.9055,
"fy":    194.9,
"fz": -48.18333,
"origX": -0.028001,
"origY":  0.13898,
"origZ": -0.014455,
"seedArr": "notSeed",
"colorb": "#F46E45",
"colorw": "#F46E45" 
},
{
 "id": "Bin.3.14",
"label": "Bin.3.14",
"size":       24,
"opacity":     0.69,
"fx":    62.32,
"fy":   -74.44,
"fz": 20.63267,
"origX": -0.057862,
"origY": 0.085112,
"origZ": 0.0061898,
"seedArr": "notSeed",
"colorb": "#F68B59",
"colorw": "#F68B59" 
},
{
 "id": "Bin.3.10",
"label": "Bin.3.10",
"size":       24,
"opacity":     0.67,
"fx": 334.2291,
"fy":  -78.115,
"fz":   140.56,
"origX": 0.016913,
"origY": 0.084377,
"origZ": 0.042168,
"seedArr": "notSeed",
"colorb": "#F79862",
"colorw": "#F79862" 
},
{
 "id": "Bin.3.06",
"label": "Bin.3.06",
"size":       24,
"opacity":      0.8,
"fx": -866.7636,
"fy":    727.1,
"fz": 916.2667,
"origX": -0.31336,
"origY":  0.24542,
"origZ":  0.27488,
"seedArr": "notSeed",
"colorb": "#F03B20",
"colorw": "#F03B20" 
},
{
 "id": "Bin.3.02",
"label": "Bin.3.02",
"size":       24,
"opacity":      0.7,
"fx": 42.85091,
"fy":  -12.975,
"fz": -6.542333,
"origX": -0.063216,
"origY": 0.097405,
"origZ": -0.0019627,
"seedArr": "notSeed",
"colorb": "#F58052",
"colorw": "#F58052" 
},
{
 "id": "Bin.3.04",
"label": "Bin.3.04",
"size":       24,
"opacity":      0.8,
"fx": -871.9273,
"fy":    813.5,
"fz": 841.8667,
"origX": -0.31478,
"origY":   0.2627,
"origZ":  0.25256,
"seedArr": "notSeed",
"colorb": "#F03C21",
"colorw": "#F03C21" 
},
{
 "id": "Bin.2.98",
"label": "Bin.2.98",
"size":       24,
"opacity":     0.57,
"fx": 339.9091,
"fy": -397.235,
"fz":   180.26,
"origX": 0.018475,
"origY": 0.020553,
"origZ": 0.054078,
"seedArr": "notSeed",
"colorb": "#FDDF96",
"colorw": "#FDDF96" 
},
{
 "id": "Bin.2.94",
"label": "Bin.2.94",
"size":       24,
"opacity":     0.46,
"fx": 245.6196,
"fy": -301.455,
"fz": 48.88667,
"origX": -0.0074546,
"origY": 0.039709,
"origZ": 0.014666,
"seedArr": "notSeed",
"colorb": "#FDEFB5",
"colorw": "#FDEFB5" 
},
{
 "id": "Bin.2.90",
"label": "Bin.2.90",
"size":       24,
"opacity":     0.56,
"fx": 254.6127,
"fy": -222.265,
"fz": 69.29333,
"origX": -0.0049815,
"origY": 0.055547,
"origZ": 0.020788,
"seedArr": "notSeed",
"colorb": "#FEE69B",
"colorw": "#FEE69B" 
},
{
 "id": "Bin.2.86",
"label": "Bin.2.86",
"size":       24,
"opacity":     0.52,
"fx": 337.4764,
"fy":  -255.24,
"fz":    43.61,
"origX": 0.017806,
"origY": 0.048952,
"origZ": 0.013083,
"seedArr": "notSeed",
"colorb": "#FEEDA7",
"colorw": "#FEEDA7" 
},
{
 "id": "Bin.2.82",
"label": "Bin.2.82",
"size":       24,
"opacity":     0.47,
"fx": 272.8003,
"fy":  -286.54,
"fz": 27.32567,
"origX": 2.008e-05,
"origY": 0.042692,
"origZ": 0.0081977,
"seedArr": "notSeed",
"colorb": "#FDEFB5",
"colorw": "#FDEFB5" 
},
{
 "id": "Bin.2.78",
"label": "Bin.2.78",
"size":       24,
"opacity":     0.45,
"fx": 284.0207,
"fy": -346.335,
"fz": 75.32333,
"origX": 0.0031057,
"origY": 0.030733,
"origZ": 0.022597,
"seedArr": "notSeed",
"colorb": "#FDF0BA",
"colorw": "#FDF0BA" 
},
{
 "id": "Bin.2.74",
"label": "Bin.2.74",
"size":       24,
"opacity":     0.64,
"fx": 118.4545,
"fy": -213.095,
"fz": 123.1067,
"origX": -0.042425,
"origY": 0.057381,
"origZ": 0.036932,
"seedArr": "notSeed",
"colorb": "#F9AD72",
"colorw": "#F9AD72" 
},
{
 "id": "Bin.2.70",
"label": "Bin.2.70",
"size":       24,
"opacity":     0.75,
"fx": -233.3091,
"fy":  -33.085,
"fz": -387.0333,
"origX": -0.13916,
"origY": 0.093383,
"origZ": -0.11611,
"seedArr": "notSeed",
"colorb": "#F25C38",
"colorw": "#F25C38" 
},
{
 "id": "Bin.2.66",
"label": "Bin.2.66",
"size":       24,
"opacity":     0.74,
"fx": -232.4364,
"fy":  -50.495,
"fz": -292.5433,
"origX": -0.13892,
"origY": 0.089901,
"origZ": -0.087763,
"seedArr": "notSeed",
"colorb": "#F3653E",
"colorw": "#F3653E" 
},
{
 "id": "Bin.2.62",
"label": "Bin.2.62",
"size":       24,
"opacity":     0.46,
"fx": 190.8509,
"fy": -334.755,
"fz": -34.87667,
"origX": -0.022516,
"origY": 0.033049,
"origZ": -0.010463,
"seedArr": "notSeed",
"colorb": "#FDEFB6",
"colorw": "#FDEFB6" 
},
{
 "id": "Bin.2.58",
"label": "Bin.2.58",
"size":       24,
"opacity":     0.67,
"fx":      -29,
"fy": -397.595,
"fz": -131.3667,
"origX": -0.082975,
"origY": 0.020481,
"origZ": -0.03941,
"seedArr": "notSeed",
"colorb": "#F79964",
"colorw": "#F79964" 
},
{
 "id": "Bin.2.54",
"label": "Bin.2.54",
"size":       24,
"opacity":     0.76,
"fx": -383.2364,
"fy":   114.95,
"fz":   -394.1,
"origX": -0.18039,
"origY":  0.12299,
"origZ": -0.11823,
"seedArr": "notSeed",
"colorb": "#F25432",
"colorw": "#F25432" 
},
{
 "id": "Bin.2.50",
"label": "Bin.2.50",
"size":       24,
"opacity":      0.6,
"fx": 180.7709,
"fy":  -189.18,
"fz":  -13.399,
"origX": -0.025288,
"origY": 0.062164,
"origZ": -0.0040197,
"seedArr": "notSeed",
"colorb": "#FBC684",
"colorw": "#FBC684" 
},
{
 "id": "Bin.2.46",
"label": "Bin.2.46",
"size":       24,
"opacity":     0.66,
"fx": 256.3549,
"fy":  -79.915,
"fz": -107.0833,
"origX": -0.0045024,
"origY": 0.084017,
"origZ": -0.032125,
"seedArr": "notSeed",
"colorb": "#F89D66",
"colorw": "#F89D66" 
},
{
 "id": "Bin.2.42",
"label": "Bin.2.42",
"size":       24,
"opacity":     0.68,
"fx": 388.7345,
"fy":   -42.27,
"fz":  -106.42,
"origX": 0.031902,
"origY": 0.091546,
"origZ": -0.031926,
"seedArr": "notSeed",
"colorb": "#F78F5C",
"colorw": "#F78F5C" 
},
{
 "id": "Bin.2.38",
"label": "Bin.2.38",
"size":       24,
"opacity":     0.61,
"fx": 362.0873,
"fy": -177.435,
"fz":  -12.188,
"origX": 0.024574,
"origY": 0.064513,
"origZ": -0.0036564,
"seedArr": "notSeed",
"colorb": "#FBC281",
"colorw": "#FBC281" 
},
{
 "id": "Bin.2.34",
"label": "Bin.2.34",
"size":       24,
"opacity":     0.52,
"fx": 206.0145,
"fy": -349.915,
"fz": -125.8633,
"origX": -0.018346,
"origY": 0.030017,
"origZ": -0.037759,
"seedArr": "notSeed",
"colorb": "#FEEEA8",
"colorw": "#FEEEA8" 
},
{
 "id": "Bin.2.30",
"label": "Bin.2.30",
"size":       24,
"opacity":     0.69,
"fx":   571.52,
"fy":  -205.99,
"fz":   -73.15,
"origX": 0.082168,
"origY": 0.058802,
"origZ": -0.021945,
"seedArr": "notSeed",
"colorb": "#F68958",
"colorw": "#F68958" 
},
{
 "id": "Bin.2.26",
"label": "Bin.2.26",
"size":       24,
"opacity":     0.62,
"fx": 450.8727,
"fy":  -224.64,
"fz":   -12.24,
"origX":  0.04899,
"origY": 0.055072,
"origZ": -0.003672,
"seedArr": "notSeed",
"colorb": "#FABA7B",
"colorw": "#FABA7B" 
},
{
 "id": "Bin.2.22",
"label": "Bin.2.22",
"size":       24,
"opacity":     0.68,
"fx": 502.9673,
"fy": -101.665,
"fz":  -24.322,
"origX": 0.063316,
"origY": 0.079667,
"origZ": -0.0072966,
"seedArr": "notSeed",
"colorb": "#F7905D",
"colorw": "#F7905D" 
},
{
 "id": "Bin.2.18",
"label": "Bin.2.18",
"size":       24,
"opacity":     0.37,
"fx": 249.4335,
"fy": -452.663,
"fz": 69.03333,
"origX": -0.0064058,
"origY": 0.0094674,
"origZ":  0.02071,
"seedArr": "notSeed",
"colorb": "#FCF2CD",
"colorw": "#FCF2CD" 
},
{
 "id": "Bin.2.14",
"label": "Bin.2.14",
"size":       24,
"opacity":     0.64,
"fx": 414.4909,
"fy": -142.725,
"fz": -18.94367,
"origX": 0.038985,
"origY": 0.071455,
"origZ": -0.0056831,
"seedArr": "notSeed",
"colorb": "#F9AB71",
"colorw": "#F9AB71" 
},
{
 "id": "Bin.2.10",
"label": "Bin.2.10",
"size":       24,
"opacity":     0.62,
"fx": 389.9636,
"fy":  -289.13,
"fz": 156.5367,
"origX":  0.03224,
"origY": 0.042174,
"origZ": 0.046961,
"seedArr": "notSeed",
"colorb": "#FABB7C",
"colorw": "#FABB7C" 
},
{
 "id": "Bin.2.06",
"label": "Bin.2.06",
"size":       24,
"opacity":     0.68,
"fx": 330.8291,
"fy": -221.425,
"fz": 261.5733,
"origX": 0.015978,
"origY": 0.055715,
"origZ": 0.078472,
"seedArr": "notSeed",
"colorb": "#F7925F",
"colorw": "#F7925F" 
},
{
 "id": "Bin.2.02",
"label": "Bin.2.02",
"size":       24,
"opacity":     0.61,
"fx": 330.0218,
"fy":  -219.54,
"fz": 130.3533,
"origX": 0.015756,
"origY": 0.056092,
"origZ": 0.039106,
"seedArr": "notSeed",
"colorb": "#FBBF7F",
"colorw": "#FBBF7F" 
},
{
 "id": "Bin.1.98",
"label": "Bin.1.98",
"size":       24,
"opacity":     0.53,
"fx": 338.9564,
"fy": -345.315,
"fz": 140.3933,
"origX": 0.018213,
"origY": 0.030937,
"origZ": 0.042118,
"seedArr": "notSeed",
"colorb": "#FEEDA4",
"colorw": "#FEEDA4" 
},
{
 "id": "Bin.1.94",
"label": "Bin.1.94",
"size":       24,
"opacity":     0.49,
"fx": 357.2327,
"fy":   -384.4,
"fz": 114.6567,
"origX": 0.023239,
"origY":  0.02312,
"origZ": 0.034397,
"seedArr": "notSeed",
"colorb": "#FEEEAE",
"colorw": "#FEEEAE" 
},
{
 "id": "Bin.1.90",
"label": "Bin.1.90",
"size":       24,
"opacity":     0.61,
"fx":   385.12,
"fy": -224.855,
"fz": 82.37667,
"origX": 0.030908,
"origY": 0.055029,
"origZ": 0.024713,
"seedArr": "notSeed",
"colorb": "#FBC483",
"colorw": "#FBC483" 
},
{
 "id": "Bin.1.86",
"label": "Bin.1.86",
"size":       24,
"opacity":     0.48,
"fx":   340.32,
"fy":  -436.84,
"fz": 126.2367,
"origX": 0.018588,
"origY": 0.012632,
"origZ": 0.037871,
"seedArr": "notSeed",
"colorb": "#FEEFB2",
"colorw": "#FEEFB2" 
},
{
 "id": "Bin.1.82",
"label": "Bin.1.82",
"size":       24,
"opacity":     0.51,
"fx":   324.96,
"fy": -406.405,
"fz": 150.2933,
"origX": 0.014364,
"origY": 0.018719,
"origZ": 0.045088,
"seedArr": "notSeed",
"colorb": "#FEEEA9",
"colorw": "#FEEEA9" 
},
{
 "id": "Bin.1.78",
"label": "Bin.1.78",
"size":       24,
"opacity":     0.52,
"fx": 336.1855,
"fy":  -388.01,
"fz":   152.62,
"origX": 0.017451,
"origY": 0.022398,
"origZ": 0.045786,
"seedArr": "notSeed",
"colorb": "#FEEDA6",
"colorw": "#FEEDA6" 
},
{
 "id": "Bin.1.74",
"label": "Bin.1.74",
"size":       24,
"opacity":     0.58,
"fx": 401.6327,
"fy":  -351.33,
"fz": 143.6067,
"origX": 0.035449,
"origY": 0.029734,
"origZ": 0.043082,
"seedArr": "notSeed",
"colorb": "#FDD891",
"colorw": "#FDD891" 
},
{
 "id": "Bin.1.70",
"label": "Bin.1.70",
"size":       24,
"opacity":     0.63,
"fx": 428.4873,
"fy": -388.735,
"fz": 200.7467,
"origX": 0.042834,
"origY": 0.022253,
"origZ": 0.060224,
"seedArr": "notSeed",
"colorb": "#FAB276",
"colorw": "#FAB276" 
},
{
 "id": "Bin.1.66",
"label": "Bin.1.66",
"size":       24,
"opacity":     0.59,
"fx": 379.4582,
"fy": -340.005,
"fz": 164.7067,
"origX": 0.029351,
"origY": 0.031999,
"origZ": 0.049412,
"seedArr": "notSeed",
"colorb": "#FCCF8A",
"colorw": "#FCCF8A" 
},
{
 "id": "Bin.1.62",
"label": "Bin.1.62",
"size":       24,
"opacity":     0.55,
"fx": 407.4909,
"fy": -356.705,
"fz": 113.7367,
"origX":  0.03706,
"origY": 0.028659,
"origZ": 0.034121,
"seedArr": "notSeed",
"colorb": "#FEEDA0",
"colorw": "#FEEDA0" 
},
{
 "id": "Bin.1.58",
"label": "Bin.1.58",
"size":       24,
"opacity":     0.54,
"fx": 364.3309,
"fy": -359.385,
"fz": 144.3567,
"origX": 0.025191,
"origY": 0.028123,
"origZ": 0.043307,
"seedArr": "notSeed",
"colorb": "#FEEDA2",
"colorw": "#FEEDA2" 
},
{
 "id": "Bin.1.54",
"label": "Bin.1.54",
"size":       24,
"opacity":     0.49,
"fx": 369.7455,
"fy":  -322.65,
"fz":    46.38,
"origX":  0.02668,
"origY":  0.03547,
"origZ": 0.013914,
"seedArr": "notSeed",
"colorb": "#FEEEAE",
"colorw": "#FEEEAE" 
},
{
 "id": "Bin.1.50",
"label": "Bin.1.50",
"size":       24,
"opacity":     0.61,
"fx": 458.4073,
"fy": -273.445,
"fz": 47.20333,
"origX": 0.051062,
"origY": 0.045311,
"origZ": 0.014161,
"seedArr": "notSeed",
"colorb": "#FBC180",
"colorw": "#FBC180" 
},
{
 "id": "Bin.1.46",
"label": "Bin.1.46",
"size":       24,
"opacity":     0.65,
"fx": 492.8073,
"fy": -228.545,
"fz": -61.51333,
"origX": 0.060522,
"origY": 0.054291,
"origZ": -0.018454,
"seedArr": "notSeed",
"colorb": "#F9A86E",
"colorw": "#F9A86E" 
},
{
 "id": "Bin.1.42",
"label": "Bin.1.42",
"size":       24,
"opacity":     0.59,
"fx": 481.0036,
"fy":  -365.04,
"fz": 45.17667,
"origX": 0.057276,
"origY": 0.026992,
"origZ": 0.013553,
"seedArr": "notSeed",
"colorb": "#FCD18C",
"colorw": "#FCD18C" 
},
{
 "id": "Bin.1.38",
"label": "Bin.1.38",
"size":       24,
"opacity":     0.56,
"fx":   365.88,
"fy": -336.325,
"fz": 140.5933,
"origX": 0.025617,
"origY": 0.032735,
"origZ": 0.042178,
"seedArr": "notSeed",
"colorb": "#FEE89C",
"colorw": "#FEE89C" 
},
{
 "id": "Bin.1.34",
"label": "Bin.1.34",
"size":       24,
"opacity":     0.74,
"fx": 632.4545,
"fy":    196.6,
"fz":  -189.85,
"origX": 0.098925,
"origY":  0.13932,
"origZ": -0.056955,
"seedArr": "notSeed",
"colorb": "#F36740",
"colorw": "#F36740" 
},
{
 "id": "Bin.1.30",
"label": "Bin.1.30",
"size":       24,
"opacity":     0.68,
"fx": 400.1236,
"fy":  -21.555,
"fz":   26.473,
"origX": 0.035034,
"origY": 0.095689,
"origZ": 0.0079419,
"seedArr": "notSeed",
"colorb": "#F68D5B",
"colorw": "#F68D5B" 
},
{
 "id": "Bin.1.26",
"label": "Bin.1.26",
"size":       24,
"opacity":      0.6,
"fx": 257.4629,
"fy": -175.635,
"fz": 50.85667,
"origX": -0.0041977,
"origY": 0.064873,
"origZ": 0.015257,
"seedArr": "notSeed",
"colorb": "#FBC885",
"colorw": "#FBC885" 
},
{
 "id": "Bin.1.22",
"label": "Bin.1.22",
"size":       24,
"opacity":     0.69,
"fx": 483.0327,
"fy":  -100.88,
"fz": -121.8067,
"origX": 0.057834,
"origY": 0.079824,
"origZ": -0.036542,
"seedArr": "notSeed",
"colorb": "#F68757",
"colorw": "#F68757" 
},
{
 "id": "Bin.1.18",
"label": "Bin.1.18",
"size":       24,
"opacity":     0.72,
"fx": 624.4836,
"fy":  -30.725,
"fz":   -106.4,
"origX": 0.096733,
"origY": 0.093855,
"origZ": -0.03192,
"seedArr": "notSeed",
"colorb": "#F47046",
"colorw": "#F47046" 
},
{
 "id": "Bin.1.14",
"label": "Bin.1.14",
"size":       24,
"opacity":     0.65,
"fx": 481.3418,
"fy": -193.725,
"fz":    44.95,
"origX": 0.057369,
"origY": 0.061255,
"origZ": 0.013485,
"seedArr": "notSeed",
"colorb": "#F8A46B",
"colorw": "#F8A46B" 
},
{
 "id": "Bin.1.10",
"label": "Bin.1.10",
"size":       24,
"opacity":      0.4,
"fx": 276.2324,
"fy":  -432.59,
"fz": 82.99333,
"origX": 0.00096391,
"origY": 0.013482,
"origZ": 0.024898,
"seedArr": "notSeed",
"colorb": "#FDF1C6",
"colorw": "#FDF1C6" 
},
{
 "id": "Bin.1.06",
"label": "Bin.1.06",
"size":       24,
"opacity":      0.5,
"fx": 399.7891,
"fy":  -397.55,
"fz":    85.34,
"origX": 0.034942,
"origY":  0.02049,
"origZ": 0.025602,
"seedArr": "notSeed",
"colorb": "#FEEEAC",
"colorw": "#FEEEAC" 
},
{
 "id": "Bin.1.02",
"label": "Bin.1.02",
"size":       24,
"opacity":     0.65,
"fx": 533.1345,
"fy": -522.748,
"fz": 145.3767,
"origX": 0.071612,
"origY": -0.0045496,
"origZ": 0.043613,
"seedArr": "notSeed",
"colorb": "#F9A66D",
"colorw": "#F9A66D" 
},
{
 "id": "Bin.0.98",
"label": "Bin.0.98",
"size":       24,
"opacity":     0.72,
"fx": 648.2182,
"fy": -421.615,
"fz": 233.9233,
"origX":  0.10326,
"origY": 0.015677,
"origZ": 0.070177,
"seedArr": "notSeed",
"colorb": "#F4764A",
"colorw": "#F4764A" 
},
{
 "id": "Bin.0.94",
"label": "Bin.0.94",
"size":       24,
"opacity":     0.73,
"fx": 637.8909,
"fy": -452.0745,
"fz": 341.8667,
"origX":  0.10042,
"origY": 0.0095851,
"origZ":  0.10256,
"seedArr": "notSeed",
"colorb": "#F46D44",
"colorw": "#F46D44" 
},
{
 "id": "Bin.0.90",
"label": "Bin.0.90",
"size":       24,
"opacity":      0.7,
"fx": 515.6764,
"fy":   -353.6,
"fz": 290.1967,
"origX": 0.066811,
"origY":  0.02928,
"origZ": 0.087059,
"seedArr": "notSeed",
"colorb": "#F68253",
"colorw": "#F68253" 
},
{
 "id": "Bin.0.86",
"label": "Bin.0.86",
"size":       24,
"opacity":      0.7,
"fx": 527.2873,
"fy": -415.885,
"fz":   306.69,
"origX": 0.070004,
"origY": 0.016823,
"origZ": 0.092007,
"seedArr": "notSeed",
"colorb": "#F57E50",
"colorw": "#F57E50" 
},
{
 "id": "Bin.0.82",
"label": "Bin.0.82",
"size":       24,
"opacity":     0.71,
"fx": 545.2655,
"fy": -597.255,
"fz": 298.7433,
"origX": 0.074948,
"origY": -0.019451,
"origZ": 0.089623,
"seedArr": "notSeed",
"colorb": "#F57D4F",
"colorw": "#F57D4F" 
},
{
 "id": "Bin.0.78",
"label": "Bin.0.78",
"size":       24,
"opacity":     0.67,
"fx": 481.8145,
"fy": -655.465,
"fz":   239.32,
"origX": 0.057499,
"origY": -0.031093,
"origZ": 0.071796,
"seedArr": "notSeed",
"colorb": "#F79460",
"colorw": "#F79460" 
},
{
 "id": "Bin.0.74",
"label": "Bin.0.74",
"size":       24,
"opacity":     0.65,
"fx": 437.3091,
"fy": -726.165,
"fz": 191.9533,
"origX":  0.04526,
"origY": -0.045233,
"origZ": 0.057586,
"seedArr": "notSeed",
"colorb": "#F8A26A",
"colorw": "#F8A26A" 
},
{
 "id": "Bin.0.70",
"label": "Bin.0.70",
"size":       24,
"opacity":     0.67,
"fx": 485.4036,
"fy": -719.565,
"fz":   207.01,
"origX": 0.058486,
"origY": -0.043913,
"origZ": 0.062103,
"seedArr": "notSeed",
"colorb": "#F79661",
"colorw": "#F79661" 
},
{
 "id": "Bin.0.66",
"label": "Bin.0.66",
"size":       24,
"opacity":     0.66,
"fx": 463.8436,
"fy": -690.145,
"fz": 195.4467,
"origX": 0.052557,
"origY": -0.038029,
"origZ": 0.058634,
"seedArr": "notSeed",
"colorb": "#F8A069",
"colorw": "#F8A069" 
},
{
 "id": "Bin.0.62",
"label": "Bin.0.62",
"size":       24,
"opacity":     0.64,
"fx": 470.1564,
"fy": -687.535,
"fz": 167.0867,
"origX": 0.054293,
"origY": -0.037507,
"origZ": 0.050126,
"seedArr": "notSeed",
"colorb": "#F9A96F",
"colorw": "#F9A96F" 
},
{
 "id": "Bin.0.58",
"label": "Bin.0.58",
"size":       24,
"opacity":     0.62,
"fx": 533.3491,
"fy":  -594.35,
"fz": 23.18167,
"origX": 0.071671,
"origY": -0.01887,
"origZ": 0.0069545,
"seedArr": "notSeed",
"colorb": "#FAB87A",
"colorw": "#FAB87A" 
},
{
 "id": "Bin.0.54",
"label": "Bin.0.54",
"size":       24,
"opacity":     0.55,
"fx": 420.5964,
"fy": -615.935,
"fz": 114.8167,
"origX": 0.040664,
"origY": -0.023187,
"origZ": 0.034445,
"seedArr": "notSeed",
"colorb": "#FEEDA0",
"colorw": "#FEEDA0" 
},
{
 "id": "Bin.0.50",
"label": "Bin.0.50",
"size":       24,
"opacity":      0.6,
"fx": 436.5964,
"fy":  -647.02,
"fz": 127.3467,
"origX": 0.045064,
"origY": -0.029404,
"origZ": 0.038204,
"seedArr": "notSeed",
"colorb": "#FCCB88",
"colorw": "#FCCB88" 
},
{
 "id": "Bin.0.46",
"label": "Bin.0.46",
"size":       24,
"opacity":     0.53,
"fx":   408.48,
"fy": -606.445,
"fz": 115.4667,
"origX": 0.037332,
"origY": -0.021289,
"origZ":  0.03464,
"seedArr": "notSeed",
"colorb": "#FEEDA5",
"colorw": "#FEEDA5" 
},
{
 "id": "Bin.0.42",
"label": "Bin.0.42",
"size":       24,
"opacity":     0.49,
"fx": 389.2255,
"fy":  -578.32,
"fz": 91.58333,
"origX": 0.032037,
"origY": -0.015664,
"origZ": 0.027475,
"seedArr": "notSeed",
"colorb": "#FEEFB0",
"colorw": "#FEEFB0" 
},
{
 "id": "Bin.0.38",
"label": "Bin.0.38",
"size":       24,
"opacity":     0.41,
"fx": 350.2182,
"fy":   -565.9,
"fz": 61.46333,
"origX":  0.02131,
"origY": -0.01318,
"origZ": 0.018439,
"seedArr": "notSeed",
"colorb": "#FDF1C4",
"colorw": "#FDF1C4" 
},
{
 "id": "Bin.0.34",
"label": "Bin.0.34",
"size":       24,
"opacity":     0.42,
"fx": 353.7745,
"fy": -565.695,
"fz": 66.62333,
"origX": 0.022288,
"origY": -0.013139,
"origZ": 0.019987,
"seedArr": "notSeed",
"colorb": "#FDF1BF",
"colorw": "#FDF1BF" 
},
{
 "id": "Bin.0.30",
"label": "Bin.0.30",
"size":       24,
"opacity":     0.43,
"fx": 357.9745,
"fy": -567.165,
"fz":    68.84,
"origX": 0.023443,
"origY": -0.013433,
"origZ": 0.020652,
"seedArr": "notSeed",
"colorb": "#FDF0BE",
"colorw": "#FDF0BE" 
},
{
 "id": "Bin.0.26",
"label": "Bin.0.26",
"size":       24,
"opacity":     0.43,
"fx": 360.2764,
"fy": -540.3235,
"fz": 79.46667,
"origX": 0.024076,
"origY": -0.0080647,
"origZ":  0.02384,
"seedArr": "notSeed",
"colorb": "#FDF0BE",
"colorw": "#FDF0BE" 
},
{
 "id": "Bin.0.22",
"label": "Bin.0.22",
"size":       24,
"opacity":     0.44,
"fx": 373.2873,
"fy":  -550.68,
"fz": 71.21667,
"origX": 0.027654,
"origY": -0.010136,
"origZ": 0.021365,
"seedArr": "notSeed",
"colorb": "#FDF0BC",
"colorw": "#FDF0BC" 
} 
],
"misc": "",
"ticks": {
 "x": [       -4,       -3,       -2,       -1,        0,        1,        2,        3,        4,        5,        6,        7,        8,        9,       10,       11 ],
"y": [       -4,       -3,       -2,       -1,        0,        1,        2,        3,        4,        5,        6,        7,        8,        9 ],
"z": [       -7,       -6,       -5,       -4,       -3,       -2,       -1,        0,        1,        2,        3,        4,        5 ] 
},
"ticksLoading": {
 "x": [    -0.35,     -0.3,    -0.25,     -0.2,    -0.15,     -0.1,    -0.05,        0,     0.05,      0.1,     0.15,      0.2 ],
"y": [     -0.1,    -0.05,        0,     0.05,      0.1,     0.15,      0.2,     0.25,      0.3 ],
"z": [     -0.3,    -0.25,     -0.2,    -0.15,     -0.1,    -0.05,        0,     0.05,      0.1,     0.15,      0.2,     0.25,      0.3 ] 
},
"axis": [ "PC1 (27.7%)", "PC2 (19%)", "PC3 (14.3%)" ],
"axisLoading": [ "Loading 1", "Loading 2", "Loading 3" ],
"metaCol": {
 "label": [ "control", "patient" ],
"color": [ "#E6194B", "#3CB44B" ] 
} 
}