{
 "omicstype": "",
"nodes": [
 {
 "id": "C002",
"label": "C002",
"size":       18,
"meta": "control",
"fx": -300.0636,
"fy": 217.6127,
"fz": -771.9143,
"origX": -0.15035,
"origY": -0.30313,
"origZ":  -1.2017,
"colorb": "#E6194B" 
},
{
 "id": "C004",
"label": "C004",
"size":       18,
"meta": "control",
"fx": -448.2527,
"fy": 296.6055,
"fz": -709.7943,
"origX": -0.96539,
"origY":  0.13133,
"origZ": -0.98428,
"colorb": "#E6194B" 
},
{
 "id": "C005",
"label": "C005",
"size":       18,
"meta": "control",
"fx": -362.7127,
"fy": 74.09091,
"fz": -778.5714,
"origX": -0.49492,
"origY":  -1.0925,
"origZ":   -1.225,
"colorb": "#E6194B" 
},
{
 "id": "C006",
"label": "C006",
"size":       18,
"meta": "control",
"fx": -541.7455,
"fy":   126.04,
"fz": -631.1114,
"origX":  -1.4796,
"origY": -0.80678,
"origZ": -0.70889,
"colorb": "#E6194B" 
},
{
 "id": "C007",
"label": "C007",
"size":       18,
"meta": "control",
"fx": -542.3455,
"fy": 164.1764,
"fz": -444.5197,
"origX":  -1.4829,
"origY": -0.59703,
"origZ": -0.055819,
"colorb": "#E6194B" 
},
{
 "id": "C009",
"label": "C009",
"size":       18,
"meta": "control",
"fx":     -650,
"fy": 211.8927,
"fz":  -322.16,
"origX":   -2.075,
"origY": -0.33459,
"origZ":  0.37244,
"colorb": "#E6194B" 
},
{
 "id": "C010",
"label": "C010",
"size":       18,
"meta": "control",
"fx": -497.4182,
"fy": 272.6907,
"fz": -509.4571,
"origX":  -1.2358,
"origY": -0.00020098,
"origZ":  -0.2831,
"colorb": "#E6194B" 
},
{
 "id": "C011",
"label": "C011",
"size":       18,
"meta": "control",
"fx": -542.5636,
"fy": 235.5509,
"fz": -860.1714,
"origX":  -1.4841,
"origY": -0.20447,
"origZ":  -1.5106,
"colorb": "#E6194B" 
},
{
 "id": "C012",
"label": "C012",
"size":       18,
"meta": "control",
"fx": -557.8909,
"fy": 180.8236,
"fz": -786.9143,
"origX":  -1.5684,
"origY": -0.50547,
"origZ":  -1.2542,
"colorb": "#E6194B" 
},
{
 "id": "C015",
"label": "C015",
"size":       18,
"meta": "control",
"fx": -633.9091,
"fy": 126.1636,
"fz": -571.0486,
"origX":  -1.9865,
"origY":  -0.8061,
"origZ": -0.49867,
"colorb": "#E6194B" 
},
{
 "id": "C016",
"label": "C016",
"size":       18,
"meta": "control",
"fx": -835.5455,
"fy": 200.5436,
"fz": -197.5629,
"origX":  -3.0955,
"origY": -0.39701,
"origZ":  0.80853,
"colorb": "#E6194B" 
},
{
 "id": "C017",
"label": "C017",
"size":       18,
"meta": "control",
"fx": -446.2855,
"fy": 11.50909,
"fz": -348.7914,
"origX": -0.95457,
"origY":  -1.4367,
"origZ":  0.27923,
"colorb": "#E6194B" 
},
{
 "id": "C019",
"label": "C019",
"size":       18,
"meta": "control",
"fx": -704.1091,
"fy": 436.9909,
"fz": -326.9686,
"origX":  -2.3726,
"origY":  0.90345,
"origZ":  0.35561,
"colorb": "#E6194B" 
},
{
 "id": "C020",
"label": "C020",
"size":       18,
"meta": "control",
"fx": -534.2182,
"fy": 69.92727,
"fz": -707.7771,
"origX":  -1.4382,
"origY":  -1.1154,
"origZ": -0.97722,
"colorb": "#E6194B" 
},
{
 "id": "C021",
"label": "C021",
"size":       18,
"meta": "control",
"fx": -803.0909,
"fy": 384.6418,
"fz": 13.57143,
"origX":   -2.917,
"origY":  0.61553,
"origZ":   1.5475,
"colorb": "#E6194B" 
},
{
 "id": "C022",
"label": "C022",
"size":       18,
"meta": "control",
"fx": -524.3273,
"fy": 143.3273,
"fz": -292.4743,
"origX":  -1.3838,
"origY":  -0.7117,
"origZ":  0.47634,
"colorb": "#E6194B" 
},
{
 "id": "C024",
"label": "C024",
"size":       18,
"meta": "control",
"fx": -641.1455,
"fy": 36.05455,
"fz": -813.8286,
"origX":  -2.0263,
"origY":  -1.3017,
"origZ":  -1.3484,
"colorb": "#E6194B" 
},
{
 "id": "C026",
"label": "C026",
"size":       18,
"meta": "control",
"fx": -826.1455,
"fy": 77.10909,
"fz": -69.68571,
"origX":  -3.0438,
"origY":  -1.0759,
"origZ":   1.2561,
"colorb": "#E6194B" 
},
{
 "id": "C028",
"label": "C028",
"size":       18,
"meta": "control",
"fx": -505.4545,
"fy": -18.12727,
"fz": -582.9286,
"origX":    -1.28,
"origY":  -1.5997,
"origZ": -0.54025,
"colorb": "#E6194B" 
},
{
 "id": "C029",
"label": "C029",
"size":       18,
"meta": "control",
"fx": -564.2364,
"fy": 376.0218,
"fz": -548.9829,
"origX":  -1.6033,
"origY":  0.56812,
"origZ": -0.42144,
"colorb": "#E6194B" 
},
{
 "id": "C030",
"label": "C030",
"size":       18,
"meta": "control",
"fx": -655.5455,
"fy": 366.4909,
"fz":  -259.52,
"origX":  -2.1055,
"origY":   0.5157,
"origZ":  0.59168,
"colorb": "#E6194B" 
},
{
 "id": "C031",
"label": "C031",
"size":       18,
"meta": "control",
"fx":   -503.8,
"fy": 303.0182,
"fz":   -761.6,
"origX":  -1.2709,
"origY":   0.1666,
"origZ":  -1.1656,
"colorb": "#E6194B" 
},
{
 "id": "C032",
"label": "C032",
"size":       18,
"meta": "control",
"fx": -730.7091,
"fy": 301.5782,
"fz": -519.2029,
"origX":  -2.5189,
"origY":  0.15868,
"origZ": -0.31721,
"colorb": "#E6194B" 
},
{
 "id": "C033",
"label": "C033",
"size":       18,
"meta": "control",
"fx": -615.1455,
"fy": -24.09091,
"fz": -535.0857,
"origX":  -1.8833,
"origY":  -1.6325,
"origZ":  -0.3728,
"colorb": "#E6194B" 
},
{
 "id": "C034",
"label": "C034",
"size":       18,
"meta": "control",
"fx": -491.9273,
"fy":    98.16,
"fz": -261.5171,
"origX":  -1.2056,
"origY": -0.96012,
"origZ":  0.58469,
"colorb": "#E6194B" 
},
{
 "id": "P002",
"label": "P002",
"size":       18,
"meta": "patient",
"fx": 147.5091,
"fy": 329.4236,
"fz": -205.1857,
"origX":   2.3113,
"origY":  0.31183,
"origZ":  0.78185,
"colorb": "#3CB44B" 
},
{
 "id": "P012",
"label": "P012",
"size":       18,
"meta": "patient",
"fx": 172.5455,
"fy": 397.3782,
"fz": -559.2629,
"origX":    2.449,
"origY":  0.68558,
"origZ": -0.45742,
"colorb": "#3CB44B" 
},
{
 "id": "P014",
"label": "P014",
"size":       18,
"meta": "patient",
"fx": 34.01818,
"fy": 446.3436,
"fz": -440.8211,
"origX":   1.6871,
"origY":  0.95489,
"origZ": -0.042874,
"colorb": "#3CB44B" 
},
{
 "id": "P027",
"label": "P027",
"size":       18,
"meta": "patient",
"fx": -191.9327,
"fy": 408.1055,
"fz": -353.6914,
"origX":  0.44437,
"origY":  0.74458,
"origZ":  0.26208,
"colorb": "#3CB44B" 
},
{
 "id": "P034",
"label": "P034",
"size":       18,
"meta": "patient",
"fx": 52.23636,
"fy": 405.2127,
"fz": -232.0086,
"origX":   1.7873,
"origY":  0.72867,
"origZ":  0.68797,
"colorb": "#3CB44B" 
},
{
 "id": "P037",
"label": "P037",
"size":       18,
"meta": "patient",
"fx": -360.9473,
"fy": 467.6545,
"fz": 710.3429,
"origX": -0.48521,
"origY":   1.0721,
"origZ":   3.9862,
"colorb": "#3CB44B" 
},
{
 "id": "P038",
"label": "P038",
"size":       18,
"meta": "patient",
"fx": 107.1091,
"fy": 361.1364,
"fz":  -643.24,
"origX":   2.0891,
"origY":  0.48625,
"origZ": -0.75134,
"colorb": "#3CB44B" 
},
{
 "id": "P041",
"label": "P041",
"size":       18,
"meta": "patient",
"fx": 384.3636,
"fy": 137.8673,
"fz": -507.6857,
"origX":    3.614,
"origY": -0.74173,
"origZ":  -0.2769,
"colorb": "#3CB44B" 
},
{
 "id": "P042",
"label": "P042",
"size":       18,
"meta": "patient",
"fx": -191.6982,
"fy": 353.3873,
"fz":  -359.34,
"origX":  0.44566,
"origY":  0.44363,
"origZ":  0.24231,
"colorb": "#3CB44B" 
},
{
 "id": "P049",
"label": "P049",
"size":       18,
"meta": "patient",
"fx": -241.4927,
"fy": 516.8364,
"fz": -270.2171,
"origX":  0.17179,
"origY":   1.3426,
"origZ":  0.55424,
"colorb": "#3CB44B" 
},
{
 "id": "P056",
"label": "P056",
"size":       18,
"meta": "patient",
"fx": -110.5764,
"fy": 304.1309,
"fz": -451.5671,
"origX":  0.89183,
"origY":  0.17272,
"origZ": -0.080485,
"colorb": "#3CB44B" 
},
{
 "id": "P058",
"label": "P058",
"size":       18,
"meta": "patient",
"fx": -80.74545,
"fy": 216.9255,
"fz":       64,
"origX":   1.0559,
"origY": -0.30691,
"origZ":    1.724,
"colorb": "#3CB44B" 
},
{
 "id": "P060",
"label": "P060",
"size":       18,
"meta": "patient",
"fx": 19.23636,
"fy":   389.34,
"fz": -494.8629,
"origX":   1.6058,
"origY":  0.64137,
"origZ": -0.23202,
"colorb": "#3CB44B" 
},
{
 "id": "P064",
"label": "P064",
"size":       18,
"meta": "patient",
"fx": 185.0182,
"fy": 303.2709,
"fz":   -755.2,
"origX":   2.5176,
"origY":  0.16799,
"origZ":  -1.1432,
"colorb": "#3CB44B" 
},
{
 "id": "P065",
"label": "P065",
"size":       18,
"meta": "patient",
"fx": 120.1273,
"fy": 382.9618,
"fz": -389.2343,
"origX":   2.1607,
"origY":  0.60629,
"origZ":  0.13768,
"colorb": "#3CB44B" 
},
{
 "id": "P070",
"label": "P070",
"size":       18,
"meta": "patient",
"fx": -53.01818,
"fy": 408.6145,
"fz": -346.0114,
"origX":   1.2084,
"origY":  0.74738,
"origZ":  0.28896,
"colorb": "#3CB44B" 
},
{
 "id": "P080",
"label": "P080",
"size":       18,
"meta": "patient",
"fx": 760.6364,
"fy": -647.0364,
"fz": 249.4571,
"origX":   5.6835,
"origY":  -5.0587,
"origZ":   2.3731,
"colorb": "#3CB44B" 
},
{
 "id": "P085",
"label": "P085",
"size":       18,
"meta": "patient",
"fx": 171.1636,
"fy": 445.3018,
"fz": -618.6714,
"origX":   2.4414,
"origY":  0.94916,
"origZ": -0.66535,
"colorb": "#3CB44B" 
},
{
 "id": "P086",
"label": "P086",
"size":       18,
"meta": "patient",
"fx": 12.41818,
"fy": 582.8364,
"fz":   -828.8,
"origX":   1.5683,
"origY":   1.7056,
"origZ":  -1.4008,
"colorb": "#3CB44B" 
},
{
 "id": "P089",
"label": "P089",
"size":       18,
"meta": "patient",
"fx": 119.7636,
"fy": 386.4309,
"fz":  -691.54,
"origX":   2.1587,
"origY":  0.62537,
"origZ": -0.92039,
"colorb": "#3CB44B" 
},
{
 "id": "P092",
"label": "P092",
"size":       18,
"meta": "patient",
"fx": -136.8309,
"fy": 457.9455,
"fz": 51.54286,
"origX":  0.74743,
"origY":   1.0187,
"origZ":   1.6804,
"colorb": "#3CB44B" 
},
{
 "id": "P099",
"label": "P099",
"size":       18,
"meta": "patient",
"fx": -460.8545,
"fy": 768.4182,
"fz": 81.11429,
"origX":  -1.0347,
"origY":   2.7263,
"origZ":   1.7839,
"colorb": "#3CB44B" 
},
{
 "id": "P113",
"label": "P113",
"size":       18,
"meta": "patient",
"fx": -7.927273,
"fy": 298.4527,
"fz": -296.2829,
"origX":   1.4564,
"origY":  0.14149,
"origZ":  0.46301,
"colorb": "#3CB44B" 
},
{
 "id": "P013b",
"label": "P013b",
"size":       18,
"meta": "patient",
"fx": 377.6182,
"fy": 72.52727,
"fz": -782.4857,
"origX":   3.5769,
"origY":  -1.1011,
"origZ":  -1.2387,
"colorb": "#3CB44B" 
},
{
 "id": "P100b",
"label": "P100b",
"size":       18,
"meta": "patient",
"fx": -5.509091,
"fy": 774.0909,
"fz": -760.9143,
"origX":   1.4697,
"origY":   2.7575,
"origZ":  -1.1632,
"colorb": "#3CB44B" 
} 
],
"meta": [ "control", "control", "control", "control", "control", "control", "control", "control", "control", "control", "control", "control", "control", "control", "control", "control", "control", "control", "control", "control", "control", "control", "control", "control", "control", "patient", "patient", "patient", "patient", "patient", "patient", "patient", "patient", "patient", "patient", "patient", "patient", "patient", "patient", "patient", "patient", "patient", "patient", "patient", "patient", "patient", "patient", "patient", "patient", "patient" ],
"loading": [
 {
 "id": "Bin.9.98",
"label": "Bin.9.98",
"size":       24,
"opacity":     0.31,
"fx":   210.38,
"fy":   15.932,
"fz": -153.536,
"origX": 0.002595,
"origY": 0.0063728,
"origZ": 0.0039392,
"seedArr": "notSeed",
"colorb": "#FCF4DD",
"colorw": "#FCF4DD" 
},
{
 "id": "Bin.9.94",
"label": "Bin.9.94",
"size":       24,
"opacity":     0.31,
"fx": 227.7096,
"fy":  13.3315,
"fz": -155.757,
"origX": 0.0069274,
"origY": 0.0053326,
"origZ": 0.0032729,
"seedArr": "notSeed",
"colorb": "#FCF4DB",
"colorw": "#FCF4DB" 
},
{
 "id": "Bin.9.90",
"label": "Bin.9.90",
"size":       24,
"opacity":     0.32,
"fx":  214.582,
"fy": 24.41725,
"fz": -151.2117,
"origX": 0.0036455,
"origY": 0.0097669,
"origZ": 0.0046365,
"seedArr": "notSeed",
"colorb": "#FCF4D9",
"colorw": "#FCF4D9" 
},
{
 "id": "Bin.9.86",
"label": "Bin.9.86",
"size":       24,
"opacity":      0.3,
"fx": 214.4604,
"fy":   5.8835,
"fz": -179.9247,
"origX": 0.0036151,
"origY": 0.0023534,
"origZ": -0.0039774,
"seedArr": "notSeed",
"colorb": "#FCF4DE",
"colorw": "#FCF4DE" 
},
{
 "id": "Bin.9.82",
"label": "Bin.9.82",
"size":       24,
"opacity":      0.3,
"fx": 215.7288,
"fy": -0.613275,
"fz":  -168.11,
"origX": 0.0039322,
"origY": -0.00024531,
"origZ": -0.00043301,
"seedArr": "notSeed",
"colorb": "#FCF5DF",
"colorw": "#FCF5DF" 
},
{
 "id": "Bin.9.78",
"label": "Bin.9.78",
"size":       24,
"opacity":     0.34,
"fx": 208.3328,
"fy":    32.12,
"fz": -144.3187,
"origX": 0.0020832,
"origY": 0.012848,
"origZ": 0.0067044,
"seedArr": "notSeed",
"colorb": "#FCF3D5",
"colorw": "#FCF3D5" 
},
{
 "id": "Bin.9.74",
"label": "Bin.9.74",
"size":       24,
"opacity":     0.31,
"fx": 213.2928,
"fy":   13.079,
"fz": -146.1243,
"origX": 0.0033232,
"origY": 0.0052316,
"origZ": 0.0061627,
"seedArr": "notSeed",
"colorb": "#FCF4DC",
"colorw": "#FCF4DC" 
},
{
 "id": "Bin.9.70",
"label": "Bin.9.70",
"size":       24,
"opacity":     0.35,
"fx": 238.2476,
"fy":  33.2375,
"fz": -169.6706,
"origX": 0.0095619,
"origY": 0.013295,
"origZ": -0.00090118,
"seedArr": "notSeed",
"colorb": "#FCF3D3",
"colorw": "#FCF3D3" 
},
{
 "id": "Bin.9.66",
"label": "Bin.9.66",
"size":       24,
"opacity":     0.33,
"fx":  240.744,
"fy": 22.95975,
"fz":  -170.33,
"origX": 0.010186,
"origY": 0.0091839,
"origZ": -0.001099,
"seedArr": "notSeed",
"colorb": "#FCF3D6",
"colorw": "#FCF3D6" 
},
{
 "id": "Bin.9.62",
"label": "Bin.9.62",
"size":       24,
"opacity":     0.33,
"fx":  223.312,
"fy": 22.15025,
"fz": -188.9827,
"origX": 0.005828,
"origY": 0.0088601,
"origZ": -0.0066948,
"seedArr": "notSeed",
"colorb": "#FCF4D8",
"colorw": "#FCF4D8" 
},
{
 "id": "Bin.9.58",
"label": "Bin.9.58",
"size":       24,
"opacity":     0.33,
"fx": 239.6216,
"fy": -2.53075,
"fz": -189.784,
"origX": 0.0099054,
"origY": -0.0010123,
"origZ": -0.0069352,
"seedArr": "notSeed",
"colorb": "#FCF4D8",
"colorw": "#FCF4D8" 
},
{
 "id": "Bin.9.54",
"label": "Bin.9.54",
"size":       24,
"opacity":     0.32,
"fx": 238.0152,
"fy": 15.03825,
"fz": -178.1987,
"origX": 0.0095038,
"origY": 0.0060153,
"origZ": -0.0034596,
"seedArr": "notSeed",
"colorb": "#FCF4D9",
"colorw": "#FCF4D9" 
},
{
 "id": "Bin.9.50",
"label": "Bin.9.50",
"size":       24,
"opacity":     0.35,
"fx":  262.728,
"fy": 16.59125,
"fz": -170.9303,
"origX": 0.015682,
"origY": 0.0066365,
"origZ": -0.0012791,
"seedArr": "notSeed",
"colorb": "#FCF3D2",
"colorw": "#FCF3D2" 
},
{
 "id": "Bin.9.46",
"label": "Bin.9.46",
"size":       24,
"opacity":     0.33,
"fx":  242.852,
"fy":  17.3505,
"fz": -179.396,
"origX": 0.010713,
"origY": 0.0069402,
"origZ": -0.0038188,
"seedArr": "notSeed",
"colorb": "#FCF4D7",
"colorw": "#FCF4D7" 
},
{
 "id": "Bin.9.42",
"label": "Bin.9.42",
"size":       24,
"opacity":     0.35,
"fx":  259.828,
"fy": 19.38175,
"fz": -193.3307,
"origX": 0.014957,
"origY": 0.0077527,
"origZ": -0.0079992,
"seedArr": "notSeed",
"colorb": "#FCF3D2",
"colorw": "#FCF3D2" 
},
{
 "id": "Bin.9.38",
"label": "Bin.9.38",
"size":       24,
"opacity":     0.38,
"fx":  257.944,
"fy": 18.64875,
"fz": -233.8633,
"origX": 0.014486,
"origY": 0.0074595,
"origZ": -0.020159,
"seedArr": "notSeed",
"colorb": "#FCF2CB",
"colorw": "#FCF2CB" 
},
{
 "id": "Bin.9.34",
"label": "Bin.9.34",
"size":       24,
"opacity":     0.38,
"fx":  259.096,
"fy":   38.995,
"fz":  -214.39,
"origX": 0.014774,
"origY": 0.015598,
"origZ": -0.014317,
"seedArr": "notSeed",
"colorb": "#FCF2CC",
"colorw": "#FCF2CC" 
},
{
 "id": "Bin.9.30",
"label": "Bin.9.30",
"size":       24,
"opacity":     0.43,
"fx":  217.368,
"fy":  33.2475,
"fz": -270.1233,
"origX": 0.004342,
"origY": 0.013299,
"origZ": -0.031037,
"seedArr": "notSeed",
"colorb": "#FDF0BF",
"colorw": "#FDF0BF" 
},
{
 "id": "Bin.9.26",
"label": "Bin.9.26",
"size":       24,
"opacity":     0.34,
"fx": 208.8872,
"fy":  14.7205,
"fz": -217.1367,
"origX": 0.0022218,
"origY": 0.0058882,
"origZ": -0.015141,
"seedArr": "notSeed",
"colorb": "#FCF3D4",
"colorw": "#FCF3D4" 
},
{
 "id": "Bin.9.22",
"label": "Bin.9.22",
"size":       24,
"opacity":     0.38,
"fx":  287.152,
"fy":    39.06,
"fz": -190.6057,
"origX": 0.021788,
"origY": 0.015624,
"origZ": -0.0071817,
"seedArr": "notSeed",
"colorb": "#FCF2CA",
"colorw": "#FCF2CA" 
},
{
 "id": "Bin.9.18",
"label": "Bin.9.18",
"size":       24,
"opacity":      0.4,
"fx":  292.248,
"fy":  52.7225,
"fz": -164.2718,
"origX": 0.023062,
"origY": 0.021089,
"origZ": 0.00071847,
"seedArr": "notSeed",
"colorb": "#FDF1C6",
"colorw": "#FDF1C6" 
},
{
 "id": "Bin.9.14",
"label": "Bin.9.14",
"size":       24,
"opacity":     0.46,
"fx":   131.82,
"fy": -36.3175,
"fz": -281.5433,
"origX": -0.017045,
"origY": -0.014527,
"origZ": -0.034463,
"seedArr": "notSeed",
"colorb": "#FDEFB7",
"colorw": "#FDEFB7" 
},
{
 "id": "Bin.9.10",
"label": "Bin.9.10",
"size":       24,
"opacity":     0.34,
"fx": 226.3096,
"fy": 21.87175,
"fz": -196.009,
"origX": 0.0065774,
"origY": 0.0087487,
"origZ": -0.0088027,
"seedArr": "notSeed",
"colorb": "#FCF3D6",
"colorw": "#FCF3D6" 
},
{
 "id": "Bin.9.06",
"label": "Bin.9.06",
"size":       24,
"opacity":     0.37,
"fx": 212.1128,
"fy":  54.3625,
"fz": -177.067,
"origX": 0.0030282,
"origY": 0.021745,
"origZ": -0.0031201,
"seedArr": "notSeed",
"colorb": "#FCF2CE",
"colorw": "#FCF2CE" 
},
{
 "id": "Bin.9.02",
"label": "Bin.9.02",
"size":       24,
"opacity":     0.39,
"fx":  272.516,
"fy":  44.6275,
"fz":  -219.54,
"origX": 0.018129,
"origY": 0.017851,
"origZ": -0.015862,
"seedArr": "notSeed",
"colorb": "#FDF2C8",
"colorw": "#FDF2C8" 
},
{
 "id": "Bin.8.98",
"label": "Bin.8.98",
"size":       24,
"opacity":      0.4,
"fx": 232.1136,
"fy":   43.945,
"fz": -249.9067,
"origX": 0.0080284,
"origY": 0.017578,
"origZ": -0.024972,
"seedArr": "notSeed",
"colorb": "#FDF1C5",
"colorw": "#FDF1C5" 
},
{
 "id": "Bin.8.94",
"label": "Bin.8.94",
"size":       24,
"opacity":     0.46,
"fx":  316.332,
"fy":    63.97,
"fz": -216.1667,
"origX": 0.029083,
"origY": 0.025588,
"origZ": -0.01485,
"seedArr": "notSeed",
"colorb": "#FDEFB6",
"colorw": "#FDEFB6" 
},
{
 "id": "Bin.8.90",
"label": "Bin.8.90",
"size":       24,
"opacity":     0.41,
"fx": 236.9764,
"fy":   37.725,
"fz": -256.2667,
"origX": 0.0092441,
"origY":  0.01509,
"origZ": -0.02688,
"seedArr": "notSeed",
"colorb": "#FDF1C2",
"colorw": "#FDF1C2" 
},
{
 "id": "Bin.8.86",
"label": "Bin.8.86",
"size":       24,
"opacity":      0.5,
"fx": 201.7121,
"fy": -8.71275,
"fz":  -325.86,
"origX": 0.00042803,
"origY": -0.0034851,
"origZ": -0.047758,
"seedArr": "notSeed",
"colorb": "#FEEEAC",
"colorw": "#FEEEAC" 
},
{
 "id": "Bin.8.82",
"label": "Bin.8.82",
"size":       24,
"opacity":     0.48,
"fx":  149.564,
"fy":  -40.835,
"fz": -297.1967,
"origX": -0.012609,
"origY": -0.016334,
"origZ": -0.039159,
"seedArr": "notSeed",
"colorb": "#FEEFB0",
"colorw": "#FEEFB0" 
},
{
 "id": "Bin.8.78",
"label": "Bin.8.78",
"size":       24,
"opacity":     0.47,
"fx":  315.224,
"fy":    65.85,
"fz": -231.8033,
"origX": 0.028806,
"origY":  0.02634,
"origZ": -0.019541,
"seedArr": "notSeed",
"colorb": "#FEEFB3",
"colorw": "#FEEFB3" 
},
{
 "id": "Bin.8.74",
"label": "Bin.8.74",
"size":       24,
"opacity":     0.57,
"fx":  371.916,
"fy":  95.4675,
"fz": -206.5867,
"origX": 0.042979,
"origY": 0.038187,
"origZ": -0.011976,
"seedArr": "notSeed",
"colorb": "#FDDD95",
"colorw": "#FDDD95" 
},
{
 "id": "Bin.8.70",
"label": "Bin.8.70",
"size":       24,
"opacity":     0.57,
"fx":  366.084,
"fy":   91.435,
"fz":  -218.93,
"origX": 0.041521,
"origY": 0.036574,
"origZ": -0.015679,
"seedArr": "notSeed",
"colorb": "#FDDF96",
"colorw": "#FDDF96" 
},
{
 "id": "Bin.8.66",
"label": "Bin.8.66",
"size":       24,
"opacity":     0.47,
"fx":  315.484,
"fy":  74.4775,
"fz": -205.9267,
"origX": 0.028871,
"origY": 0.029791,
"origZ": -0.011778,
"seedArr": "notSeed",
"colorb": "#FEEFB3",
"colorw": "#FEEFB3" 
},
{
 "id": "Bin.8.62",
"label": "Bin.8.62",
"size":       24,
"opacity":     0.53,
"fx":  347.224,
"fy":    84.65,
"fz": -208.8867,
"origX": 0.036806,
"origY":  0.03386,
"origZ": -0.012666,
"seedArr": "notSeed",
"colorb": "#FEEDA5",
"colorw": "#FEEDA5" 
},
{
 "id": "Bin.8.58",
"label": "Bin.8.58",
"size":       24,
"opacity":     0.48,
"fx":    311.8,
"fy":  81.0525,
"fz":  -203.19,
"origX":  0.02795,
"origY": 0.032421,
"origZ": -0.010957,
"seedArr": "notSeed",
"colorb": "#FEEFB2",
"colorw": "#FEEFB2" 
},
{
 "id": "Bin.8.54",
"label": "Bin.8.54",
"size":       24,
"opacity":     0.51,
"fx":    37.74,
"fy":   55.495,
"fz":  -102.87,
"origX": -0.040565,
"origY": 0.022198,
"origZ": 0.019139,
"seedArr": "notSeed",
"colorb": "#FEEEA9",
"colorw": "#FEEEA9" 
},
{
 "id": "Bin.8.50",
"label": "Bin.8.50",
"size":       24,
"opacity":     0.45,
"fx": 231.1612,
"fy":  99.1925,
"fz": -152.2713,
"origX": 0.0077903,
"origY": 0.039677,
"origZ": 0.0043186,
"seedArr": "notSeed",
"colorb": "#FDF0B9",
"colorw": "#FDF0B9" 
},
{
 "id": "Bin.8.46",
"label": "Bin.8.46",
"size":       24,
"opacity":     0.38,
"fx": 237.3936,
"fy":   69.065,
"fz": -168.2768,
"origX": 0.0093484,
"origY": 0.027626,
"origZ": -0.00048304,
"seedArr": "notSeed",
"colorb": "#FCF2CA",
"colorw": "#FCF2CA" 
},
{
 "id": "Bin.8.42",
"label": "Bin.8.42",
"size":       24,
"opacity":     0.61,
"fx":  376.236,
"fy": 120.4125,
"fz": -267.9767,
"origX": 0.044059,
"origY": 0.048165,
"origZ": -0.030393,
"seedArr": "notSeed",
"colorb": "#FBBF7F",
"colorw": "#FBBF7F" 
},
{
 "id": "Bin.8.38",
"label": "Bin.8.38",
"size":       24,
"opacity":     0.62,
"fx":   368.22,
"fy": 114.5625,
"fz": -289.8467,
"origX": 0.042055,
"origY": 0.045825,
"origZ": -0.036954,
"seedArr": "notSeed",
"colorb": "#FABA7B",
"colorw": "#FABA7B" 
},
{
 "id": "Bin.8.34",
"label": "Bin.8.34",
"size":       24,
"opacity":     0.54,
"fx":  292.068,
"fy": 102.5825,
"fz": -249.6767,
"origX": 0.023017,
"origY": 0.041033,
"origZ": -0.024903,
"seedArr": "notSeed",
"colorb": "#FEEDA2",
"colorw": "#FEEDA2" 
},
{
 "id": "Bin.8.30",
"label": "Bin.8.30",
"size":       24,
"opacity":     0.62,
"fx":  351.748,
"fy":  146.865,
"fz": -227.9333,
"origX": 0.037937,
"origY": 0.058746,
"origZ": -0.01838,
"seedArr": "notSeed",
"colorb": "#FABB7C",
"colorw": "#FABB7C" 
},
{
 "id": "Bin.8.26",
"label": "Bin.8.26",
"size":       24,
"opacity":     0.62,
"fx":  357.576,
"fy": 134.4475,
"fz":  -266.01,
"origX": 0.039394,
"origY": 0.053779,
"origZ": -0.029803,
"seedArr": "notSeed",
"colorb": "#FAB87A",
"colorw": "#FAB87A" 
},
{
 "id": "Bin.8.22",
"label": "Bin.8.22",
"size":       24,
"opacity":     0.55,
"fx":  270.916,
"fy":   100.59,
"fz": -270.6467,
"origX": 0.017729,
"origY": 0.040236,
"origZ": -0.031194,
"seedArr": "notSeed",
"colorb": "#FEEDA0",
"colorw": "#FEEDA0" 
},
{
 "id": "Bin.8.18",
"label": "Bin.8.18",
"size":       24,
"opacity":     0.42,
"fx":  152.504,
"fy":   57.885,
"fz":  -230.79,
"origX": -0.011874,
"origY": 0.023154,
"origZ": -0.019237,
"seedArr": "notSeed",
"colorb": "#FDF1C1",
"colorw": "#FDF1C1" 
},
{
 "id": "Bin.8.14",
"label": "Bin.8.14",
"size":       24,
"opacity":     0.59,
"fx":  356.636,
"fy":   117.01,
"fz": -236.3067,
"origX": 0.039159,
"origY": 0.046804,
"origZ": -0.020892,
"seedArr": "notSeed",
"colorb": "#FCCF8A",
"colorw": "#FCCF8A" 
},
{
 "id": "Bin.8.10",
"label": "Bin.8.10",
"size":       24,
"opacity":     0.53,
"fx":  244.952,
"fy":   66.605,
"fz": -307.0433,
"origX": 0.011238,
"origY": 0.026642,
"origZ": -0.042113,
"seedArr": "notSeed",
"colorb": "#FEEDA6",
"colorw": "#FEEDA6" 
},
{
 "id": "Bin.8.06",
"label": "Bin.8.06",
"size":       24,
"opacity":     0.53,
"fx":  244.204,
"fy":  40.9325,
"fz": -325.5433,
"origX": 0.011051,
"origY": 0.016373,
"origZ": -0.047663,
"seedArr": "notSeed",
"colorb": "#FEEDA4",
"colorw": "#FEEDA4" 
},
{
 "id": "Bin.8.02",
"label": "Bin.8.02",
"size":       24,
"opacity":     0.45,
"fx": 177.7324,
"fy":   44.615,
"fz": -288.0167,
"origX": -0.0055669,
"origY": 0.017846,
"origZ": -0.036405,
"seedArr": "notSeed",
"colorb": "#FDF0B8",
"colorw": "#FDF0B8" 
},
{
 "id": "Bin.7.98",
"label": "Bin.7.98",
"size":       24,
"opacity":     0.37,
"fx":  176.016,
"fy":   43.945,
"fz": -124.4033,
"origX": -0.005996,
"origY": 0.017578,
"origZ": 0.012679,
"seedArr": "notSeed",
"colorb": "#FCF2CD",
"colorw": "#FCF2CD" 
},
{
 "id": "Bin.7.94",
"label": "Bin.7.94",
"size":       24,
"opacity":      0.5,
"fx":  154.368,
"fy":  106.825,
"fz": -109.3467,
"origX": -0.011408,
"origY":  0.04273,
"origZ": 0.017196,
"seedArr": "notSeed",
"colorb": "#FEEEAC",
"colorw": "#FEEEAC" 
},
{
 "id": "Bin.7.90",
"label": "Bin.7.90",
"size":       24,
"opacity":     0.42,
"fx":  260.548,
"fy": 10.21475,
"fz": -68.26667,
"origX": 0.015137,
"origY": 0.0040859,
"origZ":  0.02952,
"seedArr": "notSeed",
"colorb": "#FDF1C0",
"colorw": "#FDF1C0" 
},
{
 "id": "Bin.7.86",
"label": "Bin.7.86",
"size":       24,
"opacity":     0.78,
"fx":  -678.88,
"fy":  -92.225,
"fz": 734.9333,
"origX": -0.21972,
"origY": -0.03689,
"origZ":  0.27048,
"seedArr": "notSeed",
"colorb": "#F14B2B",
"colorw": "#F14B2B" 
},
{
 "id": "Bin.7.82",
"label": "Bin.7.82",
"size":       24,
"opacity":     0.79,
"fx":     -865,
"fy": -170.4275,
"fz": 933.9667,
"origX": -0.26625,
"origY": -0.068171,
"origZ":  0.33019,
"seedArr": "notSeed",
"colorb": "#F03E22",
"colorw": "#F03E22" 
},
{
 "id": "Bin.7.78",
"label": "Bin.7.78",
"size":       24,
"opacity":     0.41,
"fx":  288.816,
"fy":  31.2225,
"fz":   -231.6,
"origX": 0.022204,
"origY": 0.012489,
"origZ": -0.01948,
"seedArr": "notSeed",
"colorb": "#FDF1C3",
"colorw": "#FDF1C3" 
},
{
 "id": "Bin.7.74",
"label": "Bin.7.74",
"size":       24,
"opacity":     0.34,
"fx": 234.2236,
"fy": 13.87925,
"fz": -206.7733,
"origX": 0.0085559,
"origY": 0.0055517,
"origZ": -0.012032,
"seedArr": "notSeed",
"colorb": "#FCF3D4",
"colorw": "#FCF3D4" 
},
{
 "id": "Bin.7.70",
"label": "Bin.7.70",
"size":       24,
"opacity":      0.4,
"fx": 191.8804,
"fy":    78.87,
"fz": -170.798,
"origX": -0.0020299,
"origY": 0.031548,
"origZ": -0.0012394,
"seedArr": "notSeed",
"colorb": "#FDF1C5",
"colorw": "#FDF1C5" 
},
{
 "id": "Bin.7.66",
"label": "Bin.7.66",
"size":       24,
"opacity":     0.75,
"fx":  -382.92,
"fy":  -63.375,
"fz": 435.5333,
"origX": -0.14573,
"origY": -0.02535,
"origZ":  0.18066,
"seedArr": "notSeed",
"colorb": "#F35E39",
"colorw": "#F35E39" 
},
{
 "id": "Bin.7.62",
"label": "Bin.7.62",
"size":       24,
"opacity":     0.75,
"fx":  -363.12,
"fy": -21.20875,
"fz": 521.6333,
"origX": -0.14078,
"origY": -0.0084835,
"origZ":  0.20649,
"seedArr": "notSeed",
"colorb": "#F25C38",
"colorw": "#F25C38" 
},
{
 "id": "Bin.7.58",
"label": "Bin.7.58",
"size":       24,
"opacity":     0.76,
"fx":  -512.72,
"fy":   -65.35,
"fz": 603.4667,
"origX": -0.17818,
"origY": -0.02614,
"origZ":  0.23104,
"seedArr": "notSeed",
"colorb": "#F25533",
"colorw": "#F25533" 
},
{
 "id": "Bin.7.54",
"label": "Bin.7.54",
"size":       24,
"opacity":     0.79,
"fx":  -896.28,
"fy": -124.575,
"fz":    912.1,
"origX": -0.27407,
"origY": -0.04983,
"origZ":  0.32363,
"seedArr": "notSeed",
"colorb": "#F04023",
"colorw": "#F04023" 
},
{
 "id": "Bin.7.50",
"label": "Bin.7.50",
"size":       24,
"opacity":     0.32,
"fx": 181.8348,
"fy":   17.072,
"fz": -188.623,
"origX": -0.0045413,
"origY": 0.0068288,
"origZ": -0.0065869,
"seedArr": "notSeed",
"colorb": "#FCF4DA",
"colorw": "#FCF4DA" 
},
{
 "id": "Bin.7.46",
"label": "Bin.7.46",
"size":       24,
"opacity":     0.47,
"fx":  317.868,
"fy":  45.1225,
"fz": -85.58333,
"origX": 0.029467,
"origY": 0.018049,
"origZ": 0.024325,
"seedArr": "notSeed",
"colorb": "#FDEFB5",
"colorw": "#FDEFB5" 
},
{
 "id": "Bin.7.42",
"label": "Bin.7.42",
"size":       24,
"opacity":      0.7,
"fx":   291.94,
"fy": -45.2075,
"fz": 177.1333,
"origX": 0.022985,
"origY": -0.018083,
"origZ":  0.10314,
"seedArr": "notSeed",
"colorb": "#F68454",
"colorw": "#F68454" 
},
{
 "id": "Bin.7.38",
"label": "Bin.7.38",
"size":       24,
"opacity":     0.67,
"fx":  263.404,
"fy":  17.3995,
"fz": 127.5933,
"origX": 0.015851,
"origY": 0.0069598,
"origZ": 0.088278,
"seedArr": "notSeed",
"colorb": "#F79460",
"colorw": "#F79460" 
},
{
 "id": "Bin.7.34",
"label": "Bin.7.34",
"size":       24,
"opacity":     0.68,
"fx":  288.232,
"fy": -78.3975,
"fz":   136.47,
"origX": 0.022058,
"origY": -0.031359,
"origZ": 0.090941,
"seedArr": "notSeed",
"colorb": "#F68D5B",
"colorw": "#F68D5B" 
},
{
 "id": "Bin.7.30",
"label": "Bin.7.30",
"size":       24,
"opacity":     0.58,
"fx":   49.392,
"fy": -106.6475,
"fz": -88.09667,
"origX": -0.037652,
"origY": -0.042659,
"origZ": 0.023571,
"seedArr": "notSeed",
"colorb": "#FDD68F",
"colorw": "#FDD68F" 
},
{
 "id": "Bin.7.26",
"label": "Bin.7.26",
"size":       24,
"opacity":     0.61,
"fx":  159.044,
"fy":   45.215,
"fz": 55.70333,
"origX": -0.010239,
"origY": 0.018086,
"origZ": 0.066711,
"seedArr": "notSeed",
"colorb": "#FBC281",
"colorw": "#FBC281" 
},
{
 "id": "Bin.7.22",
"label": "Bin.7.22",
"size":       24,
"opacity":     0.63,
"fx":   39.568,
"fy":   10.932,
"fz": 37.20333,
"origX": -0.040108,
"origY": 0.0043728,
"origZ": 0.061161,
"seedArr": "notSeed",
"colorb": "#FAB678",
"colorw": "#FAB678" 
},
{
 "id": "Bin.7.18",
"label": "Bin.7.18",
"size":       24,
"opacity":     0.36,
"fx":  123.316,
"fy":    5.972,
"fz": -158.818,
"origX": -0.019171,
"origY": 0.0023888,
"origZ": 0.0023546,
"seedArr": "notSeed",
"colorb": "#FCF3D0",
"colorw": "#FCF3D0" 
},
{
 "id": "Bin.7.14",
"label": "Bin.7.14",
"size":       24,
"opacity":     0.61,
"fx":  136.904,
"fy": 10.64225,
"fz": -392.5667,
"origX": -0.015774,
"origY": 0.0042569,
"origZ": -0.06777,
"seedArr": "notSeed",
"colorb": "#FBC483",
"colorw": "#FBC483" 
},
{
 "id": "Bin.7.10",
"label": "Bin.7.10",
"size":       24,
"opacity":     0.36,
"fx":  143.696,
"fy": -7.41775,
"fz":  -211.23,
"origX": -0.014076,
"origY": -0.0029671,
"origZ": -0.013369,
"seedArr": "notSeed",
"colorb": "#FCF3CF",
"colorw": "#FCF3CF" 
},
{
 "id": "Bin.7.06",
"label": "Bin.7.06",
"size":       24,
"opacity":     0.63,
"fx":  300.888,
"fy":  36.7525,
"fz": 64.53667,
"origX": 0.025222,
"origY": 0.014701,
"origZ": 0.069361,
"seedArr": "notSeed",
"colorb": "#FAB276",
"colorw": "#FAB276" 
},
{
 "id": "Bin.7.02",
"label": "Bin.7.02",
"size":       24,
"opacity":     0.58,
"fx":  298.248,
"fy":  78.2225,
"fz":    -12.2,
"origX": 0.024562,
"origY": 0.031289,
"origZ":  0.04634,
"seedArr": "notSeed",
"colorb": "#FDD891",
"colorw": "#FDD891" 
},
{
 "id": "Bin.6.98",
"label": "Bin.6.98",
"size":       24,
"opacity":     0.66,
"fx":  278.132,
"fy": -194.045,
"fz":   -96.26,
"origX": 0.019533,
"origY": -0.077618,
"origZ": 0.021122,
"seedArr": "notSeed",
"colorb": "#F8A069",
"colorw": "#F8A069" 
},
{
 "id": "Bin.6.94",
"label": "Bin.6.94",
"size":       24,
"opacity":      0.7,
"fx":  344.056,
"fy": -258.725,
"fz":   -63.36,
"origX": 0.036014,
"origY": -0.10349,
"origZ": 0.030992,
"seedArr": "notSeed",
"colorb": "#F57E50",
"colorw": "#F57E50" 
},
{
 "id": "Bin.6.90",
"label": "Bin.6.90",
"size":       24,
"opacity":     0.36,
"fx": 226.7268,
"fy":   -26.01,
"fz":  -112.56,
"origX": 0.0066817,
"origY": -0.010404,
"origZ": 0.016232,
"seedArr": "notSeed",
"colorb": "#FCF2CF",
"colorw": "#FCF2CF" 
},
{
 "id": "Bin.6.86",
"label": "Bin.6.86",
"size":       24,
"opacity":     0.36,
"fx":  176.128,
"fy": -0.1800425,
"fz": -228.1567,
"origX": -0.005968,
"origY": -7.2017e-05,
"origZ": -0.018447,
"seedArr": "notSeed",
"colorb": "#FCF3D1",
"colorw": "#FCF3D1" 
},
{
 "id": "Bin.6.82",
"label": "Bin.6.82",
"size":       24,
"opacity":     0.44,
"fx":  298.104,
"fy":  58.0625,
"fz": -213.0867,
"origX": 0.024526,
"origY": 0.023225,
"origZ": -0.013926,
"seedArr": "notSeed",
"colorb": "#FDF0BC",
"colorw": "#FDF0BC" 
},
{
 "id": "Bin.6.78",
"label": "Bin.6.78",
"size":       24,
"opacity":     0.44,
"fx":  247.744,
"fy":  92.5225,
"fz": -188.904,
"origX": 0.011936,
"origY": 0.037009,
"origZ": -0.0066712,
"seedArr": "notSeed",
"colorb": "#FDF0BA",
"colorw": "#FDF0BA" 
},
{
 "id": "Bin.6.74",
"label": "Bin.6.74",
"size":       24,
"opacity":     0.49,
"fx":  290.272,
"fy":  97.2925,
"fz": -202.1633,
"origX": 0.022568,
"origY": 0.038917,
"origZ": -0.010649,
"seedArr": "notSeed",
"colorb": "#FEEEAE",
"colorw": "#FEEEAE" 
},
{
 "id": "Bin.6.70",
"label": "Bin.6.70",
"size":       24,
"opacity":     0.52,
"fx":  268.512,
"fy": 109.5675,
"fz":  -229.52,
"origX": 0.017128,
"origY": 0.043827,
"origZ": -0.018856,
"seedArr": "notSeed",
"colorb": "#FEEEA7",
"colorw": "#FEEEA7" 
},
{
 "id": "Bin.6.66",
"label": "Bin.6.66",
"size":       24,
"opacity":     0.46,
"fx": 183.3024,
"fy":    84.21,
"fz": -243.0067,
"origX": -0.0041744,
"origY": 0.033684,
"origZ": -0.022902,
"seedArr": "notSeed",
"colorb": "#FDF0B7",
"colorw": "#FDF0B7" 
},
{
 "id": "Bin.6.62",
"label": "Bin.6.62",
"size":       24,
"opacity":     0.52,
"fx": 222.3092,
"fy": 107.8925,
"fz": -254.7767,
"origX": 0.0055773,
"origY": 0.043157,
"origZ": -0.026433,
"seedArr": "notSeed",
"colorb": "#FEEDA6",
"colorw": "#FEEDA6" 
},
{
 "id": "Bin.6.58",
"label": "Bin.6.58",
"size":       24,
"opacity":     0.49,
"fx": 222.5968,
"fy":    94.84,
"fz":  -240.74,
"origX": 0.0056492,
"origY": 0.037936,
"origZ": -0.022222,
"seedArr": "notSeed",
"colorb": "#FEEFB0",
"colorw": "#FEEFB0" 
},
{
 "id": "Bin.6.54",
"label": "Bin.6.54",
"size":       24,
"opacity":     0.41,
"fx":  252.648,
"fy":   69.325,
"fz": -195.559,
"origX": 0.013162,
"origY":  0.02773,
"origZ": -0.0086677,
"seedArr": "notSeed",
"colorb": "#FDF1C4",
"colorw": "#FDF1C4" 
},
{
 "id": "Bin.6.50",
"label": "Bin.6.50",
"size":       24,
"opacity":     0.43,
"fx":   236.96,
"fy":   85.485,
"fz": -176.5003,
"origX":  0.00924,
"origY": 0.034194,
"origZ": -0.0029501,
"seedArr": "notSeed",
"colorb": "#FDF0BE",
"colorw": "#FDF0BE" 
},
{
 "id": "Bin.6.46",
"label": "Bin.6.46",
"size":       24,
"opacity":     0.56,
"fx":  277.376,
"fy":   130.22,
"fz": -170.503,
"origX": 0.019344,
"origY": 0.052088,
"origZ": -0.0011509,
"seedArr": "notSeed",
"colorb": "#FEE69B",
"colorw": "#FEE69B" 
},
{
 "id": "Bin.6.42",
"label": "Bin.6.42",
"size":       24,
"opacity":     0.49,
"fx": 229.9328,
"fy": 113.6475,
"fz": -181.948,
"origX": 0.0074832,
"origY": 0.045459,
"origZ": -0.0045844,
"seedArr": "notSeed",
"colorb": "#FEEEAE",
"colorw": "#FEEEAE" 
},
{
 "id": "Bin.6.38",
"label": "Bin.6.38",
"size":       24,
"opacity":     0.49,
"fx": 227.8284,
"fy": 111.7475,
"fz": -164.7244,
"origX": 0.0069571,
"origY": 0.044699,
"origZ": 0.00058269,
"seedArr": "notSeed",
"colorb": "#FEEEAF",
"colorw": "#FEEEAF" 
},
{
 "id": "Bin.6.34",
"label": "Bin.6.34",
"size":       24,
"opacity":     0.55,
"fx":  243.864,
"fy":  134.955,
"fz": -150.9743,
"origX": 0.010966,
"origY": 0.053982,
"origZ": 0.0047077,
"seedArr": "notSeed",
"colorb": "#FEEA9E",
"colorw": "#FEEA9E" 
},
{
 "id": "Bin.6.30",
"label": "Bin.6.30",
"size":       24,
"opacity":     0.39,
"fx": 185.0132,
"fy":    74.77,
"fz":  -178.77,
"origX": -0.0037467,
"origY": 0.029908,
"origZ": -0.003631,
"seedArr": "notSeed",
"colorb": "#FDF2C7",
"colorw": "#FDF2C7" 
},
{
 "id": "Bin.4.38",
"label": "Bin.4.38",
"size":       24,
"opacity":     0.37,
"fx":  123.024,
"fy": -33.7675,
"fz": -156.8653,
"origX": -0.019244,
"origY": -0.013507,
"origZ": 0.0029404,
"seedArr": "notSeed",
"colorb": "#FCF2CC",
"colorw": "#FCF2CC" 
},
{
 "id": "Bin.4.34",
"label": "Bin.4.34",
"size":       24,
"opacity":     0.67,
"fx":  387.296,
"fy":   65.795,
"fz": 51.15667,
"origX": 0.046824,
"origY": 0.026318,
"origZ": 0.065347,
"seedArr": "notSeed",
"colorb": "#F79964",
"colorw": "#F79964" 
},
{
 "id": "Bin.4.30",
"label": "Bin.4.30",
"size":       24,
"opacity":      0.6,
"fx":  373.756,
"fy":  122.475,
"fz": -91.90333,
"origX": 0.043439,
"origY":  0.04899,
"origZ": 0.022429,
"seedArr": "notSeed",
"colorb": "#FBC684",
"colorw": "#FBC684" 
},
{
 "id": "Bin.4.26",
"label": "Bin.4.26",
"size":       24,
"opacity":     0.59,
"fx":    396.8,
"fy":   49.995,
"fz": -53.93667,
"origX":   0.0492,
"origY": 0.019998,
"origZ": 0.033819,
"seedArr": "notSeed",
"colorb": "#FCD38D",
"colorw": "#FCD38D" 
},
{
 "id": "Bin.4.22",
"label": "Bin.4.22",
"size":       24,
"opacity":     0.69,
"fx":  374.416,
"fy": 108.8825,
"fz": 124.7033,
"origX": 0.043604,
"origY": 0.043553,
"origZ": 0.087411,
"seedArr": "notSeed",
"colorb": "#F68656",
"colorw": "#F68656" 
},
{
 "id": "Bin.4.18",
"label": "Bin.4.18",
"size":       24,
"opacity":     0.63,
"fx":  342.276,
"fy": -52.1275,
"fz": 40.77333,
"origX": 0.035569,
"origY": -0.020851,
"origZ": 0.062232,
"seedArr": "notSeed",
"colorb": "#FAB477",
"colorw": "#FAB477" 
},
{
 "id": "Bin.4.14",
"label": "Bin.4.14",
"size":       24,
"opacity":     0.59,
"fx":  413.464,
"fy":  -27.965,
"fz": -51.65667,
"origX": 0.053366,
"origY": -0.011186,
"origZ": 0.034503,
"seedArr": "notSeed",
"colorb": "#FCCD89",
"colorw": "#FCCD89" 
},
{
 "id": "Bin.4.10",
"label": "Bin.4.10",
"size":       24,
"opacity":     0.64,
"fx":  416.352,
"fy":   142.75,
"fz": -191.122,
"origX": 0.054088,
"origY":   0.0571,
"origZ": -0.0073366,
"seedArr": "notSeed",
"colorb": "#F9AD72",
"colorw": "#F9AD72" 
},
{
 "id": "Bin.4.06",
"label": "Bin.4.06",
"size":       24,
"opacity":     0.78,
"fx":     -609,
"fy":   732.35,
"fz": -352.4967,
"origX": -0.20225,
"origY":  0.29294,
"origZ": -0.055749,
"seedArr": "notSeed",
"colorb": "#F04527",
"colorw": "#F04527" 
},
{
 "id": "Bin.4.02",
"label": "Bin.4.02",
"size":       24,
"opacity":     0.62,
"fx": 171.8936,
"fy":   179.83,
"fz": -164.4938,
"origX": -0.0070266,
"origY": 0.071932,
"origZ": 0.00065186,
"seedArr": "notSeed",
"colorb": "#FBBD7D",
"colorw": "#FBBD7D" 
},
{
 "id": "Bin.4.04",
"label": "Bin.4.04",
"size":       24,
"opacity":     0.78,
"fx":  -552.12,
"fy":   741.55,
"fz": -335.3667,
"origX": -0.18803,
"origY":  0.29662,
"origZ": -0.05061,
"seedArr": "notSeed",
"colorb": "#F1492A",
"colorw": "#F1492A" 
},
{
 "id": "Bin.3.98",
"label": "Bin.3.98",
"size":       24,
"opacity":     0.79,
"fx":  -811.56,
"fy":   -80.37,
"fz":    833.8,
"origX": -0.25289,
"origY": -0.032148,
"origZ":  0.30014,
"seedArr": "notSeed",
"colorb": "#F04225",
"colorw": "#F04225" 
},
{
 "id": "Bin.3.94",
"label": "Bin.3.94",
"size":       24,
"opacity":     0.72,
"fx":  149.332,
"fy":   -322.3,
"fz": -102.7233,
"origX": -0.012667,
"origY": -0.12892,
"origZ": 0.019183,
"seedArr": "notSeed",
"colorb": "#F47449",
"colorw": "#F47449" 
},
{
 "id": "Bin.3.90",
"label": "Bin.3.90",
"size":       24,
"opacity":     0.74,
"fx":  582.996,
"fy": -315.575,
"fz":    258.1,
"origX": 0.095749,
"origY": -0.12623,
"origZ":  0.12743,
"seedArr": "notSeed",
"colorb": "#F3623C",
"colorw": "#F3623C" 
},
{
 "id": "Bin.3.86",
"label": "Bin.3.86",
"size":       24,
"opacity":     0.73,
"fx":   514.38,
"fy": -218.485,
"fz": 155.2233,
"origX": 0.078595,
"origY": -0.087394,
"origZ": 0.096567,
"seedArr": "notSeed",
"colorb": "#F46B42",
"colorw": "#F46B42" 
},
{
 "id": "Bin.3.82",
"label": "Bin.3.82",
"size":       24,
"opacity":     0.74,
"fx":  383.656,
"fy": -178.185,
"fz": 430.4333,
"origX": 0.045914,
"origY": -0.071274,
"origZ":  0.17913,
"seedArr": "notSeed",
"colorb": "#F3653E",
"colorw": "#F3653E" 
},
{
 "id": "Bin.3.78",
"label": "Bin.3.78",
"size":       24,
"opacity":     0.69,
"fx":    395.7,
"fy": -154.4225,
"fz":    59.97,
"origX": 0.048925,
"origY": -0.061769,
"origZ": 0.067991,
"seedArr": "notSeed",
"colorb": "#F68757",
"colorw": "#F68757" 
},
{
 "id": "Bin.3.74",
"label": "Bin.3.74",
"size":       24,
"opacity":     0.75,
"fx":      850,
"fy": -433.275,
"fz":      286,
"origX":   0.1625,
"origY": -0.17331,
"origZ":   0.1358,
"seedArr": "notSeed",
"colorb": "#F25B37",
"colorw": "#F25B37" 
},
{
 "id": "Bin.3.70",
"label": "Bin.3.70",
"size":       24,
"opacity":     0.77,
"fx":   753.68,
"fy":   -279.9,
"fz":    711.9,
"origX":  0.13842,
"origY": -0.11196,
"origZ":  0.26357,
"seedArr": "notSeed",
"colorb": "#F1502F",
"colorw": "#F1502F" 
},
{
 "id": "Bin.3.66",
"label": "Bin.3.66",
"size":       24,
"opacity":     0.71,
"fx":  280.656,
"fy": 103.7425,
"fz":    191.1,
"origX": 0.020164,
"origY": 0.041497,
"origZ":  0.10733,
"seedArr": "notSeed",
"colorb": "#F57D4F",
"colorw": "#F57D4F" 
},
{
 "id": "Bin.3.62",
"label": "Bin.3.62",
"size":       24,
"opacity":     0.73,
"fx":    352.3,
"fy": -24.98625,
"fz": 339.9667,
"origX": 0.038075,
"origY": -0.0099945,
"origZ":  0.15199,
"seedArr": "notSeed",
"colorb": "#F36941",
"colorw": "#F36941" 
},
{
 "id": "Bin.3.58",
"label": "Bin.3.58",
"size":       24,
"opacity":     0.68,
"fx":   40.596,
"fy": -219.255,
"fz":  -139.57,
"origX": -0.039851,
"origY": -0.087702,
"origZ": 0.008129,
"seedArr": "notSeed",
"colorb": "#F78F5C",
"colorw": "#F78F5C" 
},
{
 "id": "Bin.3.54",
"label": "Bin.3.54",
"size":       24,
"opacity":     0.77,
"fx":   650.16,
"fy":     -424,
"fz":    542.1,
"origX":  0.11254,
"origY":  -0.1696,
"origZ":  0.21263,
"seedArr": "notSeed",
"colorb": "#F15230",
"colorw": "#F15230" 
},
{
 "id": "Bin.3.50",
"label": "Bin.3.50",
"size":       24,
"opacity":     0.77,
"fx":   770.04,
"fy":   -630.4,
"fz": 472.8667,
"origX":  0.14251,
"origY": -0.25216,
"origZ":  0.19186,
"seedArr": "notSeed",
"colorb": "#F14E2E",
"colorw": "#F14E2E" 
},
{
 "id": "Bin.3.46",
"label": "Bin.3.46",
"size":       24,
"opacity":     0.78,
"fx":      735,
"fy": -726.625,
"fz": 379.6333,
"origX":  0.13375,
"origY": -0.29065,
"origZ":  0.16389,
"seedArr": "notSeed",
"colorb": "#F14729",
"colorw": "#F14729" 
},
{
 "id": "Bin.3.42",
"label": "Bin.3.42",
"size":       24,
"opacity":     0.79,
"fx":   735.44,
"fy":  -843.65,
"fz": 287.5667,
"origX":  0.13386,
"origY": -0.33746,
"origZ":  0.13627,
"seedArr": "notSeed",
"colorb": "#F04326",
"colorw": "#F04326" 
},
{
 "id": "Bin.3.38",
"label": "Bin.3.38",
"size":       24,
"opacity":     0.72,
"fx":  450.108,
"fy": -225.8325,
"fz": 82.74667,
"origX": 0.062527,
"origY": -0.090333,
"origZ": 0.074824,
"seedArr": "notSeed",
"colorb": "#F47247",
"colorw": "#F47247" 
},
{
 "id": "Bin.3.34",
"label": "Bin.3.34",
"size":       24,
"opacity":     0.44,
"fx":   96.096,
"fy": -68.9175,
"fz":  -132.81,
"origX": -0.025976,
"origY": -0.027567,
"origZ": 0.010157,
"seedArr": "notSeed",
"colorb": "#FDF0BB",
"colorw": "#FDF0BB" 
},
{
 "id": "Bin.3.30",
"label": "Bin.3.30",
"size":       24,
"opacity":     0.46,
"fx":   83.468,
"fy": -71.6975,
"fz": -195.5403,
"origX": -0.029133,
"origY": -0.028679,
"origZ": -0.0086621,
"seedArr": "notSeed",
"colorb": "#FDEFB5",
"colorw": "#FDEFB5" 
},
{
 "id": "Bin.3.26",
"label": "Bin.3.26",
"size":       24,
"opacity":     0.76,
"fx":  131.292,
"fy":   -537.5,
"fz": 452.0333,
"origX": -0.017177,
"origY":   -0.215,
"origZ":  0.18561,
"seedArr": "notSeed",
"colorb": "#F25734",
"colorw": "#F25734" 
},
{
 "id": "Bin.3.22",
"label": "Bin.3.22",
"size":       24,
"opacity":     0.75,
"fx":  493.368,
"fy": -212.1525,
"fz":    401.8,
"origX": 0.073342,
"origY": -0.084861,
"origZ":  0.17054,
"seedArr": "notSeed",
"colorb": "#F3603B",
"colorw": "#F3603B" 
},
{
 "id": "Bin.3.18",
"label": "Bin.3.18",
"size":       24,
"opacity":     0.52,
"fx":   52.028,
"fy": -64.4925,
"fz": -88.97667,
"origX": -0.036993,
"origY": -0.025797,
"origZ": 0.023307,
"seedArr": "notSeed",
"colorb": "#FEEDA7",
"colorw": "#FEEDA7" 
},
{
 "id": "Bin.3.14",
"label": "Bin.3.14",
"size":       24,
"opacity":     0.67,
"fx":   -64.32,
"fy":  -53.775,
"fz": -341.0133,
"origX": -0.06608,
"origY": -0.02151,
"origZ": -0.052304,
"seedArr": "notSeed",
"colorb": "#F79661",
"colorw": "#F79661" 
},
{
 "id": "Bin.3.10",
"label": "Bin.3.10",
"size":       24,
"opacity":     0.42,
"fx":  288.752,
"fy":   47.815,
"fz": -219.2933,
"origX": 0.022188,
"origY": 0.019126,
"origZ": -0.015788,
"seedArr": "notSeed",
"colorb": "#FDF1C1",
"colorw": "#FDF1C1" 
},
{
 "id": "Bin.3.06",
"label": "Bin.3.06",
"size":       24,
"opacity":      0.8,
"fx":  -888.36,
"fy":  992.975,
"fz": -890.9333,
"origX": -0.27209,
"origY":  0.39719,
"origZ": -0.21728,
"seedArr": "notSeed",
"colorb": "#F03B20",
"colorw": "#F03B20" 
},
{
 "id": "Bin.3.02",
"label": "Bin.3.02",
"size":       24,
"opacity":     0.71,
"fx":  -42.508,
"fy":   188.17,
"fz": 80.96333,
"origX": -0.060627,
"origY": 0.075268,
"origZ": 0.074289,
"seedArr": "notSeed",
"colorb": "#F5794D",
"colorw": "#F5794D" 
},
{
 "id": "Bin.3.04",
"label": "Bin.3.04",
"size":       24,
"opacity":      0.8,
"fx":  -905.16,
"fy":  978.675,
"fz": -758.8333,
"origX": -0.27629,
"origY":  0.39147,
"origZ": -0.17765,
"seedArr": "notSeed",
"colorb": "#F03C21",
"colorw": "#F03C21" 
},
{
 "id": "Bin.2.98",
"label": "Bin.2.98",
"size":       24,
"opacity":     0.55,
"fx":  313.352,
"fy": 101.7775,
"fz": -237.1767,
"origX": 0.028338,
"origY": 0.040711,
"origZ": -0.021153,
"seedArr": "notSeed",
"colorb": "#FEEDA0",
"colorw": "#FEEDA0" 
},
{
 "id": "Bin.2.94",
"label": "Bin.2.94",
"size":       24,
"opacity":     0.32,
"fx":  169.936,
"fy":   7.2665,
"fz": -187.4937,
"origX": -0.007516,
"origY": 0.0029066,
"origZ": -0.0062481,
"seedArr": "notSeed",
"colorb": "#FCF4DB",
"colorw": "#FCF4DB" 
},
{
 "id": "Bin.2.90",
"label": "Bin.2.90",
"size":       24,
"opacity":     0.37,
"fx": 186.4608,
"fy":  26.0075,
"fz":  -232.51,
"origX": -0.0033848,
"origY": 0.010403,
"origZ": -0.019753,
"seedArr": "notSeed",
"colorb": "#FCF2CD",
"colorw": "#FCF2CD" 
},
{
 "id": "Bin.2.86",
"label": "Bin.2.86",
"size":       24,
"opacity":     0.39,
"fx":  282.636,
"fy":  27.8875,
"fz": -108.5367,
"origX": 0.020659,
"origY": 0.011155,
"origZ": 0.017439,
"seedArr": "notSeed",
"colorb": "#FDF2C9",
"colorw": "#FDF2C9" 
},
{
 "id": "Bin.2.82",
"label": "Bin.2.82",
"size":       24,
"opacity":     0.31,
"fx": 196.4644,
"fy": -12.9925,
"fz": -175.554,
"origX": -0.0008839,
"origY": -0.005197,
"origZ": -0.0026662,
"seedArr": "notSeed",
"colorb": "#FCF4DD",
"colorw": "#FCF4DD" 
},
{
 "id": "Bin.2.78",
"label": "Bin.2.78",
"size":       24,
"opacity":     0.35,
"fx": 220.6512,
"fy":  16.2335,
"fz": -223.5433,
"origX": 0.0051628,
"origY": 0.0064934,
"origZ": -0.017063,
"seedArr": "notSeed",
"colorb": "#FCF3D1",
"colorw": "#FCF3D1" 
},
{
 "id": "Bin.2.74",
"label": "Bin.2.74",
"size":       24,
"opacity":      0.6,
"fx":   38.508,
"fy":   73.855,
"fz": -319.2933,
"origX": -0.040373,
"origY": 0.029542,
"origZ": -0.045788,
"seedArr": "notSeed",
"colorb": "#FCCA86",
"colorw": "#FCCA86" 
},
{
 "id": "Bin.2.70",
"label": "Bin.2.70",
"size":       24,
"opacity":     0.76,
"fx":   -542.4,
"fy": -513.375,
"fz": -499.6067,
"origX":  -0.1856,
"origY": -0.20535,
"origZ": -0.099882,
"seedArr": "notSeed",
"colorb": "#F25432",
"colorw": "#F25432" 
},
{
 "id": "Bin.2.66",
"label": "Bin.2.66",
"size":       24,
"opacity":     0.76,
"fx":   -524.2,
"fy": -459.675,
"fz":   -509.5,
"origX": -0.18105,
"origY": -0.18387,
"origZ": -0.10285,
"seedArr": "notSeed",
"colorb": "#F25935",
"colorw": "#F25935" 
},
{
 "id": "Bin.2.62",
"label": "Bin.2.62",
"size":       24,
"opacity":     0.61,
"fx":    75.08,
"fy":  -114.26,
"fz": -310.4933,
"origX": -0.03123,
"origY": -0.045704,
"origZ": -0.043148,
"seedArr": "notSeed",
"colorb": "#FBC180",
"colorw": "#FBC180" 
},
{
 "id": "Bin.2.58",
"label": "Bin.2.58",
"size":       24,
"opacity":     0.74,
"fx":   -225.8,
"fy": -283.375,
"fz":   -593.4,
"origX": -0.10645,
"origY": -0.11335,
"origZ": -0.12802,
"seedArr": "notSeed",
"colorb": "#F3643D",
"colorw": "#F3643D" 
},
{
 "id": "Bin.2.54",
"label": "Bin.2.54",
"size":       24,
"opacity":     0.77,
"fx":  -735.96,
"fy":   -570.9,
"fz": -577.5667,
"origX": -0.23399,
"origY": -0.22836,
"origZ": -0.12327,
"seedArr": "notSeed",
"colorb": "#F14C2C",
"colorw": "#F14C2C" 
},
{
 "id": "Bin.2.50",
"label": "Bin.2.50",
"size":       24,
"opacity":     0.56,
"fx":     67.6,
"fy":  -88.395,
"fz": -266.8667,
"origX":  -0.0331,
"origY": -0.035358,
"origZ": -0.03006,
"seedArr": "notSeed",
"colorb": "#FEE398",
"colorw": "#FEE398" 
},
{
 "id": "Bin.2.46",
"label": "Bin.2.46",
"size":       24,
"opacity":     0.68,
"fx":  119.956,
"fy":  -227.01,
"fz": -241.7633,
"origX": -0.020011,
"origY": -0.090804,
"origZ": -0.022529,
"seedArr": "notSeed",
"colorb": "#F7905D",
"colorw": "#F7905D" 
},
{
 "id": "Bin.2.42",
"label": "Bin.2.42",
"size":       24,
"opacity":     0.64,
"fx":  286.256,
"fy": -178.4175,
"fz": -79.24333,
"origX": 0.021564,
"origY": -0.071367,
"origZ": 0.026227,
"seedArr": "notSeed",
"colorb": "#F9AB71",
"colorw": "#F9AB71" 
},
{
 "id": "Bin.2.38",
"label": "Bin.2.38",
"size":       24,
"opacity":     0.45,
"fx":   283.96,
"fy":   -84.79,
"fz": -171.837,
"origX":  0.02099,
"origY": -0.033916,
"origZ": -0.0015511,
"seedArr": "notSeed",
"colorb": "#FDF0BA",
"colorw": "#FDF0BA" 
},
{
 "id": "Bin.2.34",
"label": "Bin.2.34",
"size":       24,
"opacity":     0.53,
"fx":    97.12,
"fy":   -53.84,
"fz":   -35.92,
"origX": -0.02572,
"origY": -0.021536,
"origZ": 0.039224,
"seedArr": "notSeed",
"colorb": "#FEEDA4",
"colorw": "#FEEDA4" 
},
{
 "id": "Bin.2.30",
"label": "Bin.2.30",
"size":       24,
"opacity":      0.7,
"fx":  516.544,
"fy": -135.915,
"fz": 17.70667,
"origX": 0.079136,
"origY": -0.054366,
"origZ": 0.055312,
"seedArr": "notSeed",
"colorb": "#F58052",
"colorw": "#F58052" 
},
{
 "id": "Bin.2.26",
"label": "Bin.2.26",
"size":       24,
"opacity":     0.69,
"fx":   413.18,
"fy":  37.8225,
"fz": 112.2067,
"origX": 0.053295,
"origY": 0.015129,
"origZ": 0.083662,
"seedArr": "notSeed",
"colorb": "#F68958",
"colorw": "#F68958" 
},
{
 "id": "Bin.2.22",
"label": "Bin.2.22",
"size":       24,
"opacity":     0.65,
"fx":  445.844,
"fy": -99.1875,
"fz": -57.00333,
"origX": 0.061461,
"origY": -0.039675,
"origZ": 0.032899,
"seedArr": "notSeed",
"colorb": "#F9A66D",
"colorw": "#F9A66D" 
},
{
 "id": "Bin.2.18",
"label": "Bin.2.18",
"size":       24,
"opacity":     0.65,
"fx": 168.6132,
"fy": -52.1975,
"fz": -426.8567,
"origX": -0.0078467,
"origY": -0.020879,
"origZ": -0.078057,
"seedArr": "notSeed",
"colorb": "#F8A26A",
"colorw": "#F8A26A" 
},
{
 "id": "Bin.2.14",
"label": "Bin.2.14",
"size":       24,
"opacity":     0.57,
"fx":    339.1,
"fy": -112.9525,
"fz": -148.7743,
"origX": 0.034775,
"origY": -0.045181,
"origZ": 0.0053677,
"seedArr": "notSeed",
"colorb": "#FEE197",
"colorw": "#FEE197" 
},
{
 "id": "Bin.2.10",
"label": "Bin.2.10",
"size":       24,
"opacity":     0.58,
"fx":  371.168,
"fy":   107.94,
"fz": -163.427,
"origX": 0.042792,
"origY": 0.043176,
"origZ": 0.00097189,
"seedArr": "notSeed",
"colorb": "#FDDA92",
"colorw": "#FDDA92" 
},
{
 "id": "Bin.2.06",
"label": "Bin.2.06",
"size":       24,
"opacity":     0.65,
"fx":  318.632,
"fy":   154.51,
"fz":  -310.11,
"origX": 0.029658,
"origY": 0.061804,
"origZ": -0.043033,
"seedArr": "notSeed",
"colorb": "#F8A46B",
"colorw": "#F8A46B" 
},
{
 "id": "Bin.2.02",
"label": "Bin.2.02",
"size":       24,
"opacity":     0.44,
"fx":  289.312,
"fy":    72.28,
"fz": -179.053,
"origX": 0.022328,
"origY": 0.028912,
"origZ": -0.0037159,
"seedArr": "notSeed",
"colorb": "#FDF0BC",
"colorw": "#FDF0BC" 
},
{
 "id": "Bin.1.98",
"label": "Bin.1.98",
"size":       24,
"opacity":      0.5,
"fx":  307.324,
"fy":   95.235,
"fz": -189.855,
"origX": 0.026831,
"origY": 0.038094,
"origZ": -0.0069565,
"seedArr": "notSeed",
"colorb": "#FEEEAD",
"colorw": "#FEEEAD" 
},
{
 "id": "Bin.1.94",
"label": "Bin.1.94",
"size":       24,
"opacity":      0.5,
"fx":  326.912,
"fy":    91.96,
"fz": -154.852,
"origX": 0.031728,
"origY": 0.036784,
"origZ": 0.0035444,
"seedArr": "notSeed",
"colorb": "#FEEEAB",
"colorw": "#FEEEAB" 
},
{
 "id": "Bin.1.90",
"label": "Bin.1.90",
"size":       24,
"opacity":     0.55,
"fx":  351.496,
"fy":  74.1375,
"fz":   -79.39,
"origX": 0.037874,
"origY": 0.029655,
"origZ": 0.026183,
"seedArr": "notSeed",
"colorb": "#FEEC9F",
"colorw": "#FEEC9F" 
},
{
 "id": "Bin.1.86",
"label": "Bin.1.86",
"size":       24,
"opacity":     0.48,
"fx":  306.428,
"fy":   81.675,
"fz": -208.2067,
"origX": 0.026607,
"origY":  0.03267,
"origZ": -0.012462,
"seedArr": "notSeed",
"colorb": "#FEEFB2",
"colorw": "#FEEFB2" 
},
{
 "id": "Bin.1.82",
"label": "Bin.1.82",
"size":       24,
"opacity":     0.51,
"fx":  292.892,
"fy":    96.37,
"fz":  -236.24,
"origX": 0.023223,
"origY": 0.038548,
"origZ": -0.020872,
"seedArr": "notSeed",
"colorb": "#FEEEA9",
"colorw": "#FEEEA9" 
},
{
 "id": "Bin.1.78",
"label": "Bin.1.78",
"size":       24,
"opacity":     0.54,
"fx":  308.068,
"fy":   106.46,
"fz":  -210.42,
"origX": 0.027017,
"origY": 0.042584,
"origZ": -0.013126,
"seedArr": "notSeed",
"colorb": "#FEEDA3",
"colorw": "#FEEDA3" 
},
{
 "id": "Bin.1.74",
"label": "Bin.1.74",
"size":       24,
"opacity":     0.54,
"fx":  376.788,
"fy":  68.0475,
"fz":  -206.53,
"origX": 0.044197,
"origY": 0.027219,
"origZ": -0.011959,
"seedArr": "notSeed",
"colorb": "#FEEDA1",
"colorw": "#FEEDA1" 
},
{
 "id": "Bin.1.70",
"label": "Bin.1.70",
"size":       24,
"opacity":     0.63,
"fx":   424.82,
"fy": 121.8425,
"fz":  -215.41,
"origX": 0.056205,
"origY": 0.048737,
"origZ": -0.014623,
"seedArr": "notSeed",
"colorb": "#F9B174",
"colorw": "#F9B174" 
},
{
 "id": "Bin.1.66",
"label": "Bin.1.66",
"size":       24,
"opacity":     0.57,
"fx":  360.852,
"fy":   110.91,
"fz": -196.1263,
"origX": 0.040213,
"origY": 0.044364,
"origZ": -0.0088379,
"seedArr": "notSeed",
"colorb": "#FDDC93",
"colorw": "#FDDC93" 
},
{
 "id": "Bin.1.62",
"label": "Bin.1.62",
"size":       24,
"opacity":     0.51,
"fx":  377.816,
"fy":    50.61,
"fz": -179.6847,
"origX": 0.044454,
"origY": 0.020244,
"origZ": -0.0039054,
"seedArr": "notSeed",
"colorb": "#FEEEAB",
"colorw": "#FEEEAB" 
},
{
 "id": "Bin.1.58",
"label": "Bin.1.58",
"size":       24,
"opacity":     0.51,
"fx":  335.004,
"fy":  78.5725,
"fz":  -223.97,
"origX": 0.033751,
"origY": 0.031429,
"origZ": -0.017191,
"seedArr": "notSeed",
"colorb": "#FEEEAA",
"colorw": "#FEEEAA" 
},
{
 "id": "Bin.1.54",
"label": "Bin.1.54",
"size":       24,
"opacity":      0.6,
"fx":  332.136,
"fy":    81.37,
"fz": 0.2166667,
"origX": 0.033034,
"origY": 0.032548,
"origZ": 0.050065,
"seedArr": "notSeed",
"colorb": "#FBC885",
"colorw": "#FBC885" 
},
{
 "id": "Bin.1.50",
"label": "Bin.1.50",
"size":       24,
"opacity":     0.56,
"fx":  410.928,
"fy":  -51.615,
"fz": -170.272,
"origX": 0.052732,
"origY": -0.020646,
"origZ": -0.0010816,
"seedArr": "notSeed",
"colorb": "#FEE49A",
"colorw": "#FEE49A" 
},
{
 "id": "Bin.1.46",
"label": "Bin.1.46",
"size":       24,
"opacity":     0.67,
"fx":  430.768,
"fy":  -104.38,
"fz": -9.976667,
"origX": 0.057692,
"origY": -0.041752,
"origZ": 0.047007,
"seedArr": "notSeed",
"colorb": "#F79862",
"colorw": "#F79862" 
},
{
 "id": "Bin.1.42",
"label": "Bin.1.42",
"size":       24,
"opacity":     0.59,
"fx":  443.596,
"fy": -26.8325,
"fz": -124.5333,
"origX": 0.060899,
"origY": -0.010733,
"origZ":  0.01264,
"seedArr": "notSeed",
"colorb": "#FCD18C",
"colorw": "#FCD18C" 
},
{
 "id": "Bin.1.38",
"label": "Bin.1.38",
"size":       24,
"opacity":     0.52,
"fx":   338.24,
"fy":  88.4375,
"fz": -199.7383,
"origX":  0.03456,
"origY": 0.035375,
"origZ": -0.0099215,
"seedArr": "notSeed",
"colorb": "#FEEEA8",
"colorw": "#FEEEA8" 
},
{
 "id": "Bin.1.34",
"label": "Bin.1.34",
"size":       24,
"opacity":     0.74,
"fx":    552.9,
"fy":  -239.79,
"fz": 163.7967,
"origX": 0.088225,
"origY": -0.095916,
"origZ": 0.099139,
"seedArr": "notSeed",
"colorb": "#F36740",
"colorw": "#F36740" 
},
{
 "id": "Bin.1.30",
"label": "Bin.1.30",
"size":       24,
"opacity":     0.45,
"fx":  337.088,
"fy": -53.9625,
"fz": -165.4665,
"origX": 0.034272,
"origY": -0.021585,
"origZ": 0.00036005,
"seedArr": "notSeed",
"colorb": "#FDF0B9",
"colorw": "#FDF0B9" 
},
{
 "id": "Bin.1.26",
"label": "Bin.1.26",
"size":       24,
"opacity":     0.64,
"fx": 163.6244,
"fy": -96.1025,
"fz":  -390.74,
"origX": -0.0090939,
"origY": -0.038441,
"origZ": -0.067222,
"seedArr": "notSeed",
"colorb": "#F9AF73",
"colorw": "#F9AF73" 
},
{
 "id": "Bin.1.22",
"label": "Bin.1.22",
"size":       24,
"opacity":     0.73,
"fx":  370.652,
"fy": -319.625,
"fz": -267.8733,
"origX": 0.042663,
"origY": -0.12785,
"origZ": -0.030362,
"seedArr": "notSeed",
"colorb": "#F46E45",
"colorw": "#F46E45" 
},
{
 "id": "Bin.1.18",
"label": "Bin.1.18",
"size":       24,
"opacity":     0.72,
"fx":  554.696,
"fy": -240.1275,
"fz":   -72.31,
"origX": 0.088674,
"origY": -0.096051,
"origZ": 0.028307,
"seedArr": "notSeed",
"colorb": "#F47046",
"colorw": "#F47046" 
},
{
 "id": "Bin.1.14",
"label": "Bin.1.14",
"size":       24,
"opacity":      0.6,
"fx":  447.888,
"fy":  -1.5929,
"fz": -102.5767,
"origX": 0.061972,
"origY": -0.00063716,
"origZ": 0.019227,
"seedArr": "notSeed",
"colorb": "#FCCB88",
"colorw": "#FCCB88" 
},
{
 "id": "Bin.1.10",
"label": "Bin.1.10",
"size":       24,
"opacity":     0.43,
"fx": 211.7864,
"fy":  7.17075,
"fz":  -286.18,
"origX": 0.0029466,
"origY": 0.0028683,
"origZ": -0.035854,
"seedArr": "notSeed",
"colorb": "#FDF0BD",
"colorw": "#FDF0BD" 
},
{
 "id": "Bin.1.06",
"label": "Bin.1.06",
"size":       24,
"opacity":     0.48,
"fx":  353.616,
"fy": -14.7995,
"fz": -236.8567,
"origX": 0.038404,
"origY": -0.0059198,
"origZ": -0.021057,
"seedArr": "notSeed",
"colorb": "#FEEFB1",
"colorw": "#FEEFB1" 
},
{
 "id": "Bin.1.02",
"label": "Bin.1.02",
"size":       24,
"opacity":     0.66,
"fx":  527.224,
"fy":   27.045,
"fz": -225.6833,
"origX": 0.081806,
"origY": 0.010818,
"origZ": -0.017705,
"seedArr": "notSeed",
"colorb": "#F89B65",
"colorw": "#F89B65" 
},
{
 "id": "Bin.0.98",
"label": "Bin.0.98",
"size":       24,
"opacity":     0.72,
"fx":   672.56,
"fy":  39.1275,
"fz": -277.1967,
"origX":  0.11814,
"origY": 0.015651,
"origZ": -0.033159,
"seedArr": "notSeed",
"colorb": "#F4764A",
"colorw": "#F4764A" 
},
{
 "id": "Bin.0.94",
"label": "Bin.0.94",
"size":       24,
"opacity":     0.73,
"fx":   692.88,
"fy":   153.56,
"fz": -306.8767,
"origX":  0.12322,
"origY": 0.061424,
"origZ": -0.042063,
"seedArr": "notSeed",
"colorb": "#F46D44",
"colorw": "#F46D44" 
},
{
 "id": "Bin.0.90",
"label": "Bin.0.90",
"size":       24,
"opacity":      0.7,
"fx":   533.98,
"fy":   111.97,
"fz": -345.3233,
"origX": 0.083495,
"origY": 0.044788,
"origZ": -0.053597,
"seedArr": "notSeed",
"colorb": "#F68253",
"colorw": "#F68253" 
},
{
 "id": "Bin.0.86",
"label": "Bin.0.86",
"size":       24,
"opacity":     0.71,
"fx":  553.572,
"fy":  128.975,
"fz": -358.4667,
"origX": 0.088393,
"origY":  0.05159,
"origZ": -0.05754,
"seedArr": "notSeed",
"colorb": "#F57B4E",
"colorw": "#F57B4E" 
},
{
 "id": "Bin.0.82",
"label": "Bin.0.82",
"size":       24,
"opacity":     0.71,
"fx":  584.936,
"fy": 173.1475,
"fz": -276.9333,
"origX": 0.096234,
"origY": 0.069259,
"origZ": -0.03308,
"seedArr": "notSeed",
"colorb": "#F5774B",
"colorw": "#F5774B" 
},
{
 "id": "Bin.0.78",
"label": "Bin.0.78",
"size":       24,
"opacity":     0.69,
"fx":  498.656,
"fy":  139.205,
"fz": -278.1867,
"origX": 0.074664,
"origY": 0.055682,
"origZ": -0.033456,
"seedArr": "notSeed",
"colorb": "#F68B59",
"colorw": "#F68B59" 
},
{
 "id": "Bin.0.74",
"label": "Bin.0.74",
"size":       24,
"opacity":     0.66,
"fx":   440.66,
"fy":  129.035,
"fz": -249.6967,
"origX": 0.060165,
"origY": 0.051614,
"origZ": -0.024909,
"seedArr": "notSeed",
"colorb": "#F89F68",
"colorw": "#F89F68" 
},
{
 "id": "Bin.0.70",
"label": "Bin.0.70",
"size":       24,
"opacity":     0.68,
"fx":  494.636,
"fy":  108.005,
"fz": -272.4967,
"origX": 0.073659,
"origY": 0.043202,
"origZ": -0.031749,
"seedArr": "notSeed",
"colorb": "#F7925F",
"colorw": "#F7925F" 
},
{
 "id": "Bin.0.66",
"label": "Bin.0.66",
"size":       24,
"opacity":     0.66,
"fx":  466.856,
"fy":  103.785,
"fz": -268.2367,
"origX": 0.066714,
"origY": 0.041514,
"origZ": -0.030471,
"seedArr": "notSeed",
"colorb": "#F89D66",
"colorw": "#F89D66" 
},
{
 "id": "Bin.0.62",
"label": "Bin.0.62",
"size":       24,
"opacity":     0.64,
"fx":  470.196,
"fy":   96.375,
"fz": -217.2033,
"origX": 0.067549,
"origY":  0.03855,
"origZ": -0.015161,
"seedArr": "notSeed",
"colorb": "#F9A96F",
"colorw": "#F9A96F" 
},
{
 "id": "Bin.0.58",
"label": "Bin.0.58",
"size":       24,
"opacity":     0.65,
"fx":  503.152,
"fy":   -44.48,
"fz": -111.9533,
"origX": 0.075788,
"origY": -0.017792,
"origZ": 0.016414,
"seedArr": "notSeed",
"colorb": "#F9A86E",
"colorw": "#F9A86E" 
},
{
 "id": "Bin.0.54",
"label": "Bin.0.54",
"size":       24,
"opacity":     0.56,
"fx":   398.14,
"fy":    57.65,
"fz": -199.948,
"origX": 0.049535,
"origY":  0.02306,
"origZ": -0.0099844,
"seedArr": "notSeed",
"colorb": "#FEE89C",
"colorw": "#FEE89C" 
},
{
 "id": "Bin.0.50",
"label": "Bin.0.50",
"size":       24,
"opacity":     0.58,
"fx":  421.084,
"fy":  69.8025,
"fz":  -200.06,
"origX": 0.055271,
"origY": 0.027921,
"origZ": -0.010018,
"seedArr": "notSeed",
"colorb": "#FCD48E",
"colorw": "#FCD48E" 
},
{
 "id": "Bin.0.46",
"label": "Bin.0.46",
"size":       24,
"opacity":     0.54,
"fx":  380.124,
"fy":   38.875,
"fz": -242.2933,
"origX": 0.045031,
"origY":  0.01555,
"origZ": -0.022688,
"seedArr": "notSeed",
"colorb": "#FEEDA2",
"colorw": "#FEEDA2" 
},
{
 "id": "Bin.0.42",
"label": "Bin.0.42",
"size":       24,
"opacity":     0.47,
"fx":  352.912,
"fy":    29.57,
"fz":  -218.37,
"origX": 0.038228,
"origY": 0.011828,
"origZ": -0.015511,
"seedArr": "notSeed",
"colorb": "#FEEFB4",
"colorw": "#FEEFB4" 
},
{
 "id": "Bin.0.38",
"label": "Bin.0.38",
"size":       24,
"opacity":     0.39,
"fx":    301.3,
"fy": 16.14575,
"fz": -212.0733,
"origX": 0.025325,
"origY": 0.0064583,
"origZ": -0.013622,
"seedArr": "notSeed",
"colorb": "#FDF2C8",
"colorw": "#FDF2C8" 
},
{
 "id": "Bin.0.34",
"label": "Bin.0.34",
"size":       24,
"opacity":      0.4,
"fx":  307.696,
"fy":  25.3175,
"fz": -201.2567,
"origX": 0.026924,
"origY": 0.010127,
"origZ": -0.010377,
"seedArr": "notSeed",
"colorb": "#FDF1C6",
"colorw": "#FDF1C6" 
},
{
 "id": "Bin.0.30",
"label": "Bin.0.30",
"size":       24,
"opacity":     0.41,
"fx":   314.52,
"fy":   34.315,
"fz": -182.285,
"origX":  0.02863,
"origY": 0.013726,
"origZ": -0.0046855,
"seedArr": "notSeed",
"colorb": "#FDF1C3",
"colorw": "#FDF1C3" 
},
{
 "id": "Bin.0.26",
"label": "Bin.0.26",
"size":       24,
"opacity":     0.42,
"fx":  316.176,
"fy":    25.44,
"fz": -214.2233,
"origX": 0.029044,
"origY": 0.010176,
"origZ": -0.014267,
"seedArr": "notSeed",
"colorb": "#FDF1BF",
"colorw": "#FDF1BF" 
},
{
 "id": "Bin.0.22",
"label": "Bin.0.22",
"size":       24,
"opacity":     0.43,
"fx":  332.156,
"fy":  31.4875,
"fz": -180.1817,
"origX": 0.033039,
"origY": 0.012595,
"origZ": -0.0040545,
"seedArr": "notSeed",
"colorb": "#FDF0BE",
"colorw": "#FDF0BE" 
} 
],
"misc": "",
"ticks": {
 "x": [       -4,       -3,       -2,       -1,        0,        1,        2,        3,        4,        5,        6,        7 ],
"y": [       -7,       -6,       -5,       -4,       -3,       -2,       -1,        0,        1,        2,        3,        4 ],
"z": [       -2,     -1.5,       -1,     -0.5,        0,      0.5,        1,      1.5,        2,      2.5,        3,      3.5,        4,      4.5,        5 ] 
},
"ticksLoading": {
 "x": [     -0.3,    -0.25,     -0.2,    -0.15,     -0.1,    -0.05,        0,     0.05,      0.1,     0.15,      0.2 ],
"y": [     -0.4,     -0.3,     -0.2,     -0.1,        0,      0.1,      0.2,      0.3,      0.4 ],
"z": [    -0.25,     -0.2,    -0.15,     -0.1,    -0.05,        0,     0.05,      0.1,     0.15,      0.2,     0.25,      0.3,     0.35 ] 
},
"axis": [ "Component1 (26.5%)", "Component2 (11.8%)", "Component3 (8.8%)" ],
"axisLoading": [ "Loading 1", "Loading 2", "Loading 3" ],
"metaCol": {
 "label": [ "control", "patient" ],
"color": [ "#E6194B", "#3CB44B" ] 
} 
}